Region,Population,DW_Site,Genotype,Longitude,Latitude,Altitude
WA/BC,Chilliwack,CHWJ,CHWJ-27-1,-121.7333333,49.08,280
WA/BC,Chilliwack,CHWJ,CHWJ-27-2,-121.7166667,49.08333333,280
WA/BC,Chilliwack,CHWK,CHWK-27-2,-121.7333333,49.08,280
WA/BC,Chilliwack,CHWK,CHWK-27-3,-121.7333333,49.08,280
WA/BC,Chilliwack,CHWK,CHWK-27-4,-121.7333333,49.08,280
WA/BC,Chilliwack,CHWH,CHWH-27-1,-121.5166667,49.1,480
WA/BC,Chilliwack,CHWH,CHWH-27-2,-121.5166667,49.1,480
WA/BC,Chilliwack,CHWH,CHWH-27-3,-121.5166667,49.1,480
WA/BC,Chilliwack,CHWH,CHWH-27-4,-121.5166667,49.1,480
WA/BC,Chilliwack,CHWH,CHWH-27-5,-121.5166667,49.1,480
WA/BC,Chilliwack,CHWI,CHWI-27-4,-121.6333333,49.1,360
WA/BC,Chilliwack,MTSM,MTSM-27-1,-122.3333333,49.11666667,8
WA/BC,Chilliwack,MTSM,MTSM-27-3,-122.3333333,49.11666667,8
WA/BC,Chilliwack,VNDL,VNDL-27-1,-122.1,49.15,20
WA/BC,Chilliwack,VNDL,VNDL-27-3,-122.1,49.15,20
WA/BC,Chilliwack,VNDL,VNDL-27-4,-122.1,49.15,20
WA/BC,Chilliwack,VNDL,VNDL-27-5,-122.1,49.15,20
WA/BC,Chilliwack,MCMN,MCMN-27-2,-122.5833333,49.18333333,15
WA/BC,Chilliwack,MCMN,MCMN-27-3,-122.5833333,49.18333333,15
WA/BC,Chilliwack,MCMN,MCMN-27-4,-122.5833333,49.18333333,15
WA/BC,Chilliwack,MCMN,MCMN-27-5,-122.5833333,49.18333333,15
WA/BC,Chilliwack,HRSP,HRSP-27-1,-121.85,49.23333333,30
WA/BC,Chilliwack,HRSP,HRSP-27-4,-121.85,49.23333333,30
WA/BC,Chilliwack,HRSP,HRSP-27-5,-121.85,49.23333333,30
WA/BC,Chilliwack,HRSO,HRSO-27-1,-121.95,49.28333333,40
WA/BC,Chilliwack,HRSO,HRSO-27-2,-121.95,49.28333333,40
WA/BC,Chilliwack,HRSO,HRSO-27-3,-121.95,49.28333333,40
WA/BC,Chilliwack,HRSO,HRSO-27-4,-121.95,49.28333333,40
WA/BC,Chilliwack,HRSO,HRSO-27-5,-121.95,49.28333333,40
WA/BC,Chilliwack,HOPG,HOPG-27-1,-121.5354,49.3725,500
WA/BC,Chilliwack,HOPG,HOPG-27-3,-121.5354,49.3725,500
WA/BC,Chilliwack,HOPG,HOPG-27-5,-121.5354,49.3725,500
WA/BC,Chilliwack,HOPF,HOPF-27-1,-121.4333333,49.43333333,61
WA/BC,Chilliwack,HOPF,HOPF-27-3,-121.4333333,49.43333333,61
WA/BC,Chilliwack,HOPF,HOPF-27-5,-121.4333333,49.43333333,61
WA/BC,Chilliwack,YALD,YALD-27-2,-121.4302,49.5608,549
WA/BC,Chilliwack,YALD,YALD-27-5,-121.4302,49.5608,549
WA/BC,Chilliwack,YALE,YALE-27-1,-121.4002,49.5668,61
WA/BC,Chilliwack,YALE,YALE-27-2,-121.4002,49.5668,61
WA/BC,Chilliwack,YALE,YALE-27-3,-121.4002,49.5668,61
WA/BC,Chilliwack,YALE,YALE-27-4,-121.4002,49.5668,61
WA/BC,Chilliwack,WELC,WELC-27-1,-121.4166667,49.66666667,91
WA/BC,Chilliwack,WELC,WELC-27-2,-121.4166667,49.66666667,91
WA/BC,Chilliwack,WELC,WELC-27-3,-121.4166667,49.66666667,91
WA/BC,Chilliwack,WELC,WELC-27-4,-121.4166667,49.66666667,91
WA/BC,Chilliwack,WELC,WELC-27-5,-121.4166667,49.66666667,91
WA/BC,Chilliwack,NHTB,NHTB-27-1,-121.8166667,49.96666667,335
WA/BC,Chilliwack,NHTB,NHTB-27-3,-121.8166667,49.96666667,335
WA/BC,Chilliwack,NHTB,NHTB-27-4,-121.8166667,49.96666667,335
WA/BC,Chilliwack,NHTA,NHTA-27-2,-121.5662,50.0006,213
WA/BC,Chilliwack,NHTA,NHTA-27-3,-121.5662,50.0006,213
WA/BC,Chilliwack,NHTA,NHTA-27-4,-121.5662,50.0006,213
WA/BC,Chilliwack,NHTA,NHTA-27-5,-121.5662,50.0006,213
Columbia,Columbia,Skamania,GW-9959,-121.95,45.95,533.4
Columbia,Columbia,Skamania,GW-9960,-121.95,45.95,533.4
Columbia,Columbia,Skamania,GW-9961,-121.95,45.95,533.4
Columbia,Columbia,Skamania,GW-9962,-121.95,45.95,533.4
Columbia,Columbia,Skamania,GW-9963,-121.95,45.95,533.4
Columbia,Columbia,Skamania,GW-9964,-121.95,45.95,533.4
Columbia,Columbia,Deer Island,GW-9965,-122.8166667,45.95,3
Columbia,Columbia,Deer Island,GW-9966,-122.8166667,45.95,3
Columbia,Columbia,Deer Island,GW-9967,-122.8166667,45.95,3
Columbia,Columbia,Deer Island,GW-9968,-122.8166667,45.95,3
Columbia,Columbia,Deer Island,GW-9969,-122.8166667,45.95,3
Columbia,Columbia,Deer Island,GW-9970,-122.8166667,45.95,3
Columbia,Columbia,Deer Island,GW-9971,-122.8166667,45.95,3
Columbia,Columbia,Kalama,GW-4610,-122.8166667,45.96666667,15.2
Columbia,Columbia,Kalama,GW-7991,-122.8666667,46,3
Columbia,Columbia,Kalama,GW-7992,-122.8666667,46,3
Columbia,Columbia,Kalama,GW-7993,-122.8666667,46,3
Columbia,Columbia,Kalama,GW-7994,-122.8666667,46,3
Columbia,Columbia,Curly Creek,GW-9947,-121.9333333,46.05,594.4
Columbia,Columbia,Curly Creek,GW-9948,-121.9333333,46.05,594.4
Columbia,Columbia,Curly Creek,GW-9950,-121.9333333,46.05,594.4
Columbia,Columbia,Curly Creek,GW-9951,-121.9333333,46.05,594.4
Columbia,Columbia,Curly Creek,GW-9952,-121.9333333,46.05,594.4
Columbia,Columbia,Longview,GW-7987,-122.8833333,46.08333333,3
Columbia,Columbia,Longview,GW-7988,-122.8833333,46.08333333,3
Columbia,Columbia,Longview,GW-7989,-122.8833333,46.08333333,3
Columbia,Columbia,Longview,GW-7990,-122.8833333,46.08333333,3
Columbia,Columbia,Talley Way,BESC-53,-122.8763137,46.0976953,21.3
Columbia,Columbia,Talley Way,BESC-52,-122.8766406,46.09818203,21.3
Columbia,Columbia,Talley Way,BESC-54,-122.877641,46.09831061,21.3
Columbia,Columbia,Talley Way,BESC-51,-122.8763039,46.09850826,21.3
Columbia,Columbia,Talley Way,BESC-55,-122.8776817,46.09879978,21.3
Columbia,Columbia,Talley Way,BESC-50,-122.8759815,46.09891721,21.3
Columbia,Columbia,Talley Way,BESC-56,-122.8784046,46.09937595,21.3
Columbia,Columbia,Talley Way,BESC-49,-122.8770268,46.09962657,21.3
Columbia,Columbia,Clatskanie,GW-11037,-123.2,46.1,NA
Columbia,Columbia,Clatskanie,GW-11038,-123.2,46.1,NA
Columbia,Columbia,Clatskanie,GW-11039,-123.2,46.1,NA
Columbia,Columbia,Clatskanie,GW-11041,-123.2,46.1,NA
Columbia,Columbia,Clatskanie,GW-11042,-123.2,46.1,NA
Columbia,Columbia,Clatskanie,GW-11043,-123.2,46.1,NA
Columbia,Columbia,Clatskanie,GW-11044,-123.2,46.1,NA
Columbia,Columbia,Clatskanie,GW-11045,-123.2,46.1,NA
Columbia,Columbia,Clatskanie,GW-11046,-123.2,46.1,NA
Columbia,Columbia,Clatskanie,GW-11047,-123.2,46.1,NA
Columbia,Columbia,Clatskanie,GW-11048,-123.2,46.1,NA
Columbia,Columbia,Clatskanie,GW-11049,-123.2,46.1,NA
Columbia,Columbia,Clatskanie,GW-11051,-123.2,46.1,NA
Columbia,Columbia,Clatskanie,GW-11052,-123.2,46.1,NA
Columbia,Columbia,Clatskanie,GW-7996,-123.1833333,46.1,9.1
Columbia,Columbia,Talley Way,BESC-57,-122.8788815,46.1000429,21.3
Columbia,Columbia,Talley Way,BESC-48,-122.8770917,46.10007559,21.3
Columbia,Columbia,Talley Way,BESC-58,-122.8796666,46.10038145,21.3
Columbia,Columbia,Talley Way,BESC-47,-122.8772099,46.10056258,21.3
Columbia,Columbia,Talley Way,BESC-60,-122.8802903,46.10088914,21.3
Columbia,Columbia,Talley Way,BESC-59,-122.8793737,46.10089852,21.3
Columbia,Columbia,Talley Way,BESC-46,-122.8774618,46.10122701,21.3
Columbia,Columbia,Talley Way,BESC-61,-122.8798575,46.1013835,21.3
Columbia,Columbia,Talley Way,BESC-62,-122.8806727,46.10142189,21.3
Columbia,Columbia,Talley Way,BESC-45,-122.8781377,46.10166647,21.3
Columbia,Columbia,Talley Way,BESC-64,-122.8813312,46.10178558,21.3
Columbia,Columbia,Talley Way,BESC-44,-122.8788363,46.10195314,21.3
Columbia,Columbia,Talley Way,BESC-63,-122.8803752,46.1020082,21.3
Columbia,Columbia,Talley Way,BESC-43,-122.8796948,46.10208197,21.3
Columbia,Columbia,Talley Way,BESC-66,-122.8823976,46.10214181,21.3
Columbia,Columbia,Talley Way,BESC-65,-122.8817526,46.10216008,21.3
Columbia,Columbia,Talley Way,BESC-42,-122.8804939,46.10231071,21.3
Columbia,Columbia,Talley Way,BESC-41,-122.8813877,46.10243065,21.3
Columbia,Columbia,Talley Way,BESC-67,-122.8828655,46.10253341,21.3
Columbia,Columbia,Talley Way,BESC-68,-122.8832471,46.10301898,21.3
Columbia,Columbia,Talley Way,BESC-37,-122.8835434,46.10329248,21.3
Columbia,Columbia,Talley Way,BESC-40,-122.880777,46.10329625,21.3
Columbia,Columbia,Talley Way,BESC-39,-122.8815617,46.10339834,21.3
Columbia,Columbia,Talley Way,BESC-38,-122.8824537,46.10348945,21.3
Columbia,Columbia,Talley Way,BESC-36,-122.884318,46.10368651,21.3
Columbia,Columbia,Talley Way,BESC-69,-122.8858374,46.10379456,21.3
Columbia,Columbia,Talley Way,BESC-73,-122.8851378,46.10379967,21.3
Columbia,Columbia,Talley Way,BESC-35,-122.8845245,46.1041797,21.3
Columbia,Columbia,Talley Way,BESC-70,-122.8867168,46.10429906,21.3
Columbia,Columbia,Talley Way,BESC-72,-122.8858503,46.10434072,21.3
Columbia,Columbia,Talley Way,BESC-71,-122.8865543,46.10473417,21.3
Columbia,Columbia,Talley Way,BESC-34,-122.8839362,46.10512921,21.3
Columbia,Columbia,Talley Way,BESC-27,-122.8874526,46.10528813,21.3
Columbia,Columbia,Talley Way,BESC-33,-122.8833919,46.10539299,21.3
Columbia,Columbia,Talley Way,BESC-28,-122.8867632,46.10564612,21.3
Columbia,Columbia,Talley Way,BESC-29,-122.8861222,46.10611056,21.3
Columbia,Columbia,Talley Way,BESC-74,-122.8899141,46.10613428,21.3
Columbia,Columbia,Talley Way,BESC-26,-122.8883409,46.10617443,21.3
Columbia,Columbia,Talley Way,BESC-30,-122.8849087,46.10620762,21.3
Columbia,Columbia,Talley Way,BESC-31,-122.8839227,46.10631776,21.3
Columbia,Columbia,Talley Way,BESC-32,-122.8825563,46.10635179,21.3
Columbia,Columbia,Rainier,BESC-124,-122.9819639,46.10671255,19.5
Columbia,Columbia,Rainier,BESC-123,-122.9824988,46.10699669,19.5
Columbia,Columbia,Talley Way,BESC-75,-122.8897913,46.10710029,21.3
Columbia,Columbia,Rainier,BESC-122,-122.9830777,46.10719811,19.5
Columbia,Columbia,Rainier,BESC-125,-122.9811362,46.10729266,19.5
Columbia,Columbia,Rainier,BESC-126,-122.9805029,46.10751252,19.5
Columbia,Columbia,Rainier,BESC-121,-122.9836102,46.10753045,19.5
Columbia,Columbia,Rainier,BESC-127,-122.9814417,46.10761813,19.5
Columbia,Columbia,Rainier,BESC-120,-122.9841146,46.10776632,19.5
Columbia,Columbia,Rainier,BESC-128,-122.9801329,46.10817142,19.5
Columbia,Columbia,Rainier,BESC-129,-122.9802068,46.10821165,19.5
Columbia,Columbia,Rainier,BESC-119,-122.9846934,46.1082435,19.5
Columbia,Columbia,Rainier,BESC-130,-122.9796758,46.10839094,19.5
Columbia,Columbia,Rainier,BESC-131,-122.9788285,46.10848264,19.5
Columbia,Columbia,Rainier,BESC-134,-122.9758325,46.10856403,19.5
Columbia,Columbia,Rainier,BESC-118,-122.9853659,46.1086709,19.5
Columbia,Columbia,Rainier,BESC-117,-122.9855224,46.10891774,19.5
Columbia,Columbia,Rainier,BESC-132,-122.9782983,46.10893576,19.5
Columbia,Columbia,Rainier,BESC-133,-122.9775241,46.10894867,19.5
Columbia,Columbia,Rainier,BESC-116,-122.9856922,46.10928018,19.5
Columbia,Columbia,Rainier,BESC-115,-122.9854544,46.10981159,19.5
Columbia,Columbia,Rainier,BESC-135,-122.9793801,46.10984637,19.5
Columbia,Columbia,Rainier,BESC-136,-122.9796148,46.11039723,19.5
Columbia,Columbia,Rainier,BESC-137,-122.9802577,46.11081616,19.5
Columbia,Columbia,Rainier,BESC-138,-122.9806937,46.11100735,19.5
Columbia,Columbia,Rainier,BESC-139,-122.9817578,46.11147163,19.5
Columbia,Columbia,Rainier,BESC-140,-122.982744,46.11173457,19.5
Columbia,Columbia,Rainier,BESC-101,-122.9864059,46.11206523,19.5
Columbia,Columbia,Rainier,BESC-104,-122.9878413,46.11216238,19.5
Columbia,Columbia,Rainier,BESC-100,-122.9851329,46.11224184,19.5
Columbia,Columbia,Rainier,BESC-102,-122.9870014,46.11250444,19.5
Columbia,Columbia,Rainier,BESC-103,-122.9878284,46.11250989,19.5
Columbia,Columbia,Rainier,BESC-105,-122.988728,46.11253001,19.5
Columbia,Columbia,Rainier,BESC-99,-122.9858043,46.11281793,19.5
Columbia,Columbia,Rainier,BESC-106,-122.9890432,46.1129631,19.5
Columbia,Columbia,Rainier,BESC-107,-122.9896184,46.11337532,19.5
Columbia,Columbia,Rainier,BESC-98,-122.9856071,46.11349954,19.5
Columbia,Columbia,Rainier,BESC-108,-122.9897512,46.11373348,19.5
Columbia,Columbia,Rainier,BESC-109,-122.9901561,46.11418367,19.5
Columbia,Columbia,Rainier,BESC-97,-122.9862172,46.11426531,19.5
Columbia,Columbia,Rainier,BESC-96,-122.9866969,46.1145394,19.5
Columbia,Columbia,Rainier,BESC-95,-122.9872308,46.11457452,19.5
Columbia,Columbia,Rainier,BESC-110,-122.9902365,46.1148533,19.5
Columbia,Columbia,Rainier,BESC-111,-122.9901306,46.11506654,19.5
Columbia,Columbia,Rainier,BESC-94,-122.9878133,46.11517123,19.5
Columbia,Columbia,Rainier,BESC-112,-122.9905997,46.11532152,19.5
Columbia,Columbia,Rainier,BESC-93,-122.9882303,46.11557675,19.5
Columbia,Columbia,Rainier,BESC-113,-122.9904982,46.11589836,19.5
Columbia,Columbia,Rainier,BESC-91,-122.9892135,46.11590859,19.5
Columbia,Columbia,Rainier,BESC-92,-122.9885576,46.11594932,19.5
Columbia,Columbia,Rainier,BESC-114,-122.9899613,46.11603088,19.5
Columbia,Columbia,Rainier,BESC-90,-122.9895583,46.11647042,19.5
Columbia,Columbia,Rainier,GW-7976,-123,46.11666667,3
Columbia,Columbia,Rainier,GW-7978,-123,46.11666667,3
Columbia,Columbia,Rainier,GW-7979,-123,46.11666667,3
Columbia,Columbia,Longview,GW-7983,-123,46.11666667,3
Columbia,Columbia,Longview,GW-7984,-123,46.11666667,3
Columbia,Columbia,Longview,GW-7985,-123,46.11666667,3
Columbia,Columbia,Rainier,BESC-89,-122.9898539,46.11673186,19.5
Columbia,Columbia,Rainier,BESC-88,-122.9904118,46.11696269,19.5
Columbia,Columbia,Rainier,BESC-87,-122.9916346,46.11718783,19.5
Columbia,Columbia,Rainier,BESC-86,-122.9919321,46.11770919,19.5
Columbia,Columbia,Rainier,BESC-85,-122.9923812,46.11815728,19.5
Columbia,Columbia,Rainier,BESC-84,-122.9924793,46.11850966,19.5
Columbia,Columbia,Rainier,BESC-83,-122.9931991,46.11875818,19.5
Columbia,Columbia,Rainier,BESC-82,-122.993836,46.11886723,19.5
Columbia,Columbia,Rainier,BESC-76,-122.9989267,46.11914727,19.5
Columbia,Columbia,Rainier,GW-7977,-122.995,46.11916667,NA
Columbia,Columbia,Rainier,BESC-79,-122.9962617,46.11917996,19.5
Columbia,Columbia,Rainier,BESC-80,-122.9952942,46.11918591,19.5
Columbia,Columbia,Rainier,BESC-77,-122.9981085,46.11922966,19.5
Columbia,Columbia,Rainier,BESC-81,-122.9944292,46.11923511,19.5
Columbia,Columbia,Rainier,BESC-78,-122.9973268,46.11929756,19.5
Columbia,Columbia,Rainier,GW-7986,-123.0216667,46.12888889,NA
Columbia,Columbia,Clatskanie,GW-7981,-123.25,46.13333333,3
Columbia,Columbia,Clatskanie,GW-7982,-123.25,46.13333333,3
Columbia,Columbia,Clatskanie,GW-7980,-123.2697222,46.13833333,NA
Columbia,Columbia,Cathlamet,GW-9953,-123.3333333,46.15,3
Columbia,Columbia,Cathlamet,GW-9954,-123.3333333,46.15,3
Columbia,Columbia,Cathlamet,GW-9955,-123.3333333,46.15,3
Columbia,Columbia,Cathlamet,GW-9956,-123.3333333,46.15,3
Columbia,Columbia,Cathlamet,GW-9957,-123.3333333,46.15,3
Columbia,Columbia,Cathlamet,GW-9958,-123.3333333,46.15,3
Columbia,Columbia,Willow Grove,BESC-18,-123.0409347,46.16242806,22.4
Columbia,Columbia,Willow Grove,BESC-16,-123.0429149,46.16324287,22.4
Columbia,Columbia,Willow Grove,BESC-15,-123.0436446,46.16332702,22.4
Columbia,Columbia,Willow Grove,BESC-17,-123.0421053,46.16364067,22.4
Columbia,Columbia,Willow Grove,BESC-14,-123.0444661,46.16404477,22.4
Columbia,Columbia,Willow Grove,BESC-19,-123.0391806,46.16412758,22.4
Columbia,Columbia,Willow Grove,BESC-13,-123.0450203,46.16493828,22.4
Columbia,Columbia,Willow Grove,BESC-12,-123.0456435,46.16550498,22.4
Columbia,Columbia,Willow Grove,BESC-24,-123.032299,46.16556365,22.4
Columbia,Columbia,Willow Grove,BESC-20,-123.036499,46.16568829,22.4
Columbia,Columbia,Willow Grove,BESC-21,-123.0348417,46.16598358,22.4
Columbia,Columbia,Willow Grove,BESC-23,-123.0326872,46.16602792,22.4
Columbia,Columbia,Willow Grove,BESC-22,-123.0335421,46.16609615,22.4
Columbia,Columbia,Willow Grove,BESC-11,-123.0470295,46.1662218,22.4
Columbia,Columbia,Willow Grove,BESC-25,-123.0309107,46.16699344,22.4
Columbia,Columbia,Willow Grove,BESC-10,-123.0465309,46.16711305,22.4
Columbia,Columbia,Willow Grove,BESC-9,-123.0477389,46.16756273,22.4
Columbia,Columbia,Willow Grove,BESC-8,-123.0465153,46.168183,22.4
Columbia,Columbia,Willow Grove,BESC-7,-123.0474736,46.16831476,22.4
Columbia,Columbia,Willow Grove,BESC-6,-123.0488401,46.16889135,22.4
Columbia,Columbia,Willow Grove,BESC-5,-123.0495664,46.16946249,22.4
Columbia,Columbia,Willow Grove,BESC-4,-123.0500854,46.1698489,22.4
Columbia,Columbia,Willow Grove,BESC-3,-123.0507374,46.17018593,22.4
Columbia,Columbia,Willow Grove,BESC-2,-123.050969,46.17057201,22.4
Columbia,Columbia,Willow Grove,BESC-1,-123.0516633,46.17080435,22.4
Columbia,Columbia,Skamokawa,GW-10072,-123.45,46.26666667,9.1
Columbia,Columbia,Packwood,GW-4579,-121.7166667,46.71666667,975.4
WA/BC,Dean,DENA,DENA-17-1,-126.6206,52.7828,213
WA/BC,Dean,DENA,DENA-17-2,-126.6206,52.7828,213
WA/BC,Dean,DENA,DENA-17-3,-126.6206,52.7828,213
WA/BC,Dean,DENA,DENA-17-4,-126.6206,52.7828,213
WA/BC,Dean,DEND,DEND-17-1,-126.95,52.81666667,27
WA/BC,Dean,DEND,DEND-17-2,-126.95,52.81666667,27
WA/BC,Dean,DEND,DEND-17-4,-126.95,52.81666667,27
WA/BC,Dean,DEND,DEND-17-5,-126.95,52.81666667,27
WA/BC,Dean,DENB,DENB-17-1,-126.6891,52.8372,152
WA/BC,Dean,DENB,DENB-17-2,-126.6891,52.8372,152
WA/BC,Dean,DENB,DENB-17-3,-126.6891,52.8372,152
WA/BC,Dean,DENB,DENB-17-4,-126.6891,52.8372,152
WA/BC,Dean,DENB,DENB-17-5,-126.6891,52.8372,152
WA/BC,Dean,DENC,DENC-17-1,-126.796,52.8314,91
WA/BC,Dean,DENC,DENC-17-2,-126.796,52.8314,91
WA/BC,Dean,DENC,DENC-17-3,-126.796,52.8314,91
WA/BC,Dean,DENC,DENC-17-4,-126.796,52.8314,91
WA/BC,Dean,DENC,DENC-17-5,-126.796,52.8314,91
WA/BC,Harrison,HARC,HARC-26-1,-122.2166667,49.76666667,64
WA/BC,Harrison,HARC,HARC-26-2,-122.2166667,49.76666667,64
WA/BC,Harrison,HARC,HARC-26-3,-122.2166667,49.76666667,64
WA/BC,Harrison,HARC,HARC-26-4,-122.2166667,49.76666667,64
WA/BC,Harrison,HARC,HARC-26-5,-122.2166667,49.76666667,64
WA/BC,Harrison,HARB,HARB-26-1,-122.5333333,50.03333333,213
WA/BC,Harrison,HARB,HARB-26-2,-122.5333333,50.03333333,213
WA/BC,Harrison,HARB,HARB-26-3,-122.5333333,50.03333333,213
WA/BC,Harrison,HARB,HARB-26-4,-122.5333333,50.03333333,213
WA/BC,Harrison,HARB,HARB-26-5,-122.5333333,50.03333333,213
WA/BC,Harrison,HARA,HARA-26-1,-122.5333333,50.11666667,314
WA/BC,Harrison,HARA,HARA-26-2,-122.5333333,50.11666667,314
WA/BC,Harrison,LILD,LILD-26-2,-122.75,50.3,222
WA/BC,Harrison,LILD,LILD-26-3,-122.75,50.3,222
WA/BC,Harrison,LILD,LILD-26-4,-122.75,50.3,222
WA/BC,Harrison,LILD,LILD-26-5,-122.75,50.3,222
WA/BC,Harrison,LILC,LILC-26-1,-123,50.5,271
WA/BC,Harrison,LILC,LILC-26-2,-123,50.5,271
WA/BC,Harrison,LILC,LILC-26-3,-123,50.5,271
WA/BC,Harrison,LILC,LILC-26-4,-123,50.5,271
WA/BC,Harrison,LILC,LILC-26-5,-123,50.5,271
WA/BC,Harrison,LILB,LILB-26-1,-123.2,50.55,274
WA/BC,Harrison,LILB,LILB-26-3,-123.2,50.55,274
WA/BC,Harrison,LILB,LILB-26-4,-123.2,50.55,274
WA/BC,Harrison,LILB,LILB-26-5,-123.2,50.55,274
WA/BC,Harrison,LILA,LILA-26-1,-123.3859,50.6135,411
WA/BC,Harrison,LILA,LILA-26-2,-123.3859,50.6135,411
WA/BC,Harrison,LILA,LILA-26-3,-123.3859,50.6135,411
WA/BC,Harrison,LILA,LILA-26-4,-123.3859,50.6135,411
WA/BC,Harrison,LILA,LILA-26-5,-123.3859,50.6135,411
WA/BC,Homathko,HOMA,HOMA-21-1,-124.85,50.93333333,46
WA/BC,Homathko,HOMA,HOMA-21-2,-124.85,50.93333333,46
WA/BC,Homathko,HOMA,HOMA-21-4,-124.85,50.93333333,46
WA/BC,Homathko,HOMA,HOMA-21-5,-124.85,50.93333333,46
WA/BC,Homathko,HOMB,HOMB-21-2,-124.9,50.95,37
WA/BC,Homathko,HOMB,HOMB-21-3,-124.9,50.95,37
WA/BC,Homathko,HOMB,HOMB-21-4,-124.9,50.95,37
WA/BC,Homathko,HOMC,HOMC-21-1,-124.9546,51.2375,88
WA/BC,Homathko,HOMC,HOMC-21-2,-124.9546,51.2375,88
WA/BC,Homathko,HOMC,HOMC-21-3,-124.9546,51.2375,88
WA/BC,Homathko,HOMC,HOMC-21-4,-124.9546,51.2375,88
WA/BC,Homathko,HOMC,HOMC-21-5,-124.9546,51.2375,88
WA/BC,Homathko,HOMD,HOMD-21-1,-124.8503,51.2919,152
WA/BC,Homathko,HOMD,HOMD-21-2,-124.8503,51.2919,152
WA/BC,Homathko,HOMD,HOMD-21-3,-124.8503,51.2919,152
WA/BC,Homathko,HOMD,HOMD-21-4,-124.8503,51.2919,152
WA/BC,Kitimat,KTMC,KTMC-12-1,-128.6833333,54.05,18
WA/BC,Kitimat,KTMC,KTMC-12-2,-128.6833333,54.05,18
WA/BC,Kitimat,KTMC,KTMC-12-3,-128.6833333,54.05,18
WA/BC,Kitimat,KTMC,KTMC-12-5,-128.6833333,54.05,18
WA/BC,Kitimat,HIRD,HIRD-12-2,-128.45,54.06666667,335
WA/BC,Kitimat,KTMB,KTMB-12-1,-128.5833333,54.15,61
WA/BC,Kitimat,KTMB,KTMB-12-3,-128.5833333,54.15,61
WA/BC,Kitimat,KTMA,KTMA-12-1,-128.5285,54.2551,122
WA/BC,Kitimat,KTMA,KTMA-12-2,-128.5285,54.2551,122
WA/BC,Kitimat,KTMA,KTMA-12-3,-128.5285,54.2551,122
WA/BC,Kitimat,KTMA,KTMA-12-4,-128.5285,54.2551,122
WA/BC,Klinaklini,KLNA,KLNA-20-3,-125.5833333,51.11666667,30
WA/BC,Klinaklini,KLNA,KLNA-20-4,-125.5833333,51.11666667,30
WA/BC,Klinaklini,KLNA,KLNA-20-5,-125.5833333,51.11666667,30
WA/BC,Klinaklini,KLNB,KLNB-20-2,-125.7697,51.299,137
WA/BC,Klinaklini,KLNB,KLNB-20-3,-125.7697,51.299,137
WA/BC,Klinaklini,KLNG,KLNG-20-1,-125.7697,51.299,105
WA/BC,Klinaklini,KLNG,KLNG-20-2,-125.7697,51.299,105
WA/BC,Klinaklini,KLNG,KLNG-20-3,-125.7697,51.299,105
WA/BC,Klinaklini,KLNG,KLNG-20-4,-125.7697,51.299,105
WA/BC,Klinaklini,KLNG,KLNG-20-5,-125.7697,51.299,105
WA/BC,Klinaklini,KLNG,KLNG-20-6,-125.7697,51.299,105
WA/BC,Klinaklini,KLNG,KLNG-20-7,-125.7697,51.299,105
WA/BC,Klinaklini,KLNC,KLNC-20-2,-125.5534,51.5397,427
WA/BC,Klinaklini,KLND,KLND-20-1,-125.5,51.56666667,427
WA/BC,Klinaklini,KLND,KLND-20-2,-125.5,51.56666667,427
WA/BC,Klinaklini,KLND,KLND-20-3,-125.5,51.56666667,427
WA/BC,Klinaklini,KLND,KLND-20-5,-125.5,51.56666667,427
WA/BC,Klinaklini,KLNE,KLNE-20-3,-125.5797,51.7336,427
WA/BC,Klinaklini,KLNE,KLNE-20-4,-125.5797,51.7336,427
WA/BC,Klinaklini,KLNE,KLNE-20-5,-125.5797,51.7336,427
WA/BC,Nisqually,Nisqually River,GW-11011,-122.7,47,NA
WA/BC,Nisqually,Nisqually River,GW-11012,-122.7,47,NA
WA/BC,Nisqually,Nisqually River,GW-11014,-122.7,47,NA
WA/BC,Nisqually,Nisqually River,GW-11015,-122.7,47,NA
WA/BC,Nisqually,Nisqually River,GW-11016,-122.7,47,NA
WA/BC,Nisqually,Nisqually River,GW-11053,-122.7,47,NA
WA/BC,Nisqually,Nisqually River,GW-11054,-122.7,47,NA
WA/BC,Nisqually,Nisqually,GW-9598,-123.6992,47.0665,6.1
WA/BC,Nisqually,Ft. Lewis,GW-9577,-122.3833333,47.16666667,129.5
WA/BC,Nisqually,Ft. Lewis,GW-9578,-122.3833333,47.16666667,129.5
WA/BC,Nisqually,Ft. Lewis,GW-9579,-122.3833333,47.16666667,129.5
WA/BC,Nisqually,Ft. Lewis,GW-9580,-122.3833333,47.16666667,129.5
WA/BC,Nisqually,Ft. Lewis,GW-9581,-122.3833333,47.16666667,129.5
WA/BC,Nisqually,Ft. Lewis,GW-9582,-122.3833333,47.16666667,129.5
WA/BC,Nisqually,Ft. Lewis,GW-9583,-122.3833333,47.16666667,129.5
WA/BC,Nooksack,Acme,GW-9768,-122.2,48.71666667,91.4
WA/BC,Nooksack,Acme,GW-9769,-122.2,48.71666667,91.4
WA/BC,Nooksack,Acme,GW-9770,-122.2,48.71666667,91.4
WA/BC,Nooksack,Acme,GW-9771,-122.2,48.71666667,91.4
WA/BC,Nooksack,Acme,GW-9772,-122.2,48.71666667,91.4
WA/BC,Nooksack,Acme,GW-9773,-122.2,48.71666667,91.4
WA/BC,Nooksack,Acme,GW-9774,-122.2,48.71666667,91.4
WA/BC,Nooksack,Acme,GW-9775,-122.2,48.71666667,91.4
WA/BC,Nooksack,Acme,GW-9776,-122.2,48.71666667,91.4
WA/BC,Nooksack,Acme,GW-9777,-122.2,48.71666667,91.4
WA/BC,Nooksack,Acme,GW-9778,-122.2,48.71666667,91.4
WA/BC,Nooksack,Acme,GW-9779,-122.2,48.71666667,91.4
WA/BC,Nooksack,Deming,GW-9756,-122.2166667,48.81666667,76.2
WA/BC,Nooksack,Deming,GW-9757,-122.2166667,48.81666667,76.2
WA/BC,Nooksack,Deming,GW-9758,-122.2166667,48.81666667,76.2
WA/BC,Nooksack,Deming,GW-9759,-122.2166667,48.81666667,76.2
WA/BC,Nooksack,Deming,GW-9760,-122.2166667,48.81666667,76.2
WA/BC,Nooksack,Deming,GW-9761,-122.2166667,48.81666667,76.2
WA/BC,Nooksack,Deming,GW-9762,-122.2166667,48.81666667,76.2
WA/BC,Nooksack,Deming,GW-9763,-122.2166667,48.81666667,76.2
WA/BC,Nooksack,Deming,GW-9764,-122.2166667,48.81666667,76.2
WA/BC,Nooksack,Deming,GW-9765,-122.2166667,48.81666667,76.2
WA/BC,Nooksack,Deming,GW-9766,-122.2166667,48.81666667,76.2
WA/BC,Nooksack,Deming,GW-9767,-122.2166667,48.81666667,76.2
WA/BC,Nooksack,Maple Falls,GW-9780,-122.0624,48.9199,304.8
WA/BC,Nooksack,Maple Falls,GW-9781,-122.0624,48.9199,304.8
WA/BC,Nooksack,Maple Falls,GW-9782,-122.0624,48.9199,304.8
WA/BC,Nooksack,Maple Falls,GW-9783,-122.0624,48.9199,304.8
WA/BC,Nooksack,Maple Falls,GW-9784,-122.0624,48.9199,304.8
WA/BC,Nooksack,Maple Falls,GW-9785,-122.0624,48.9199,304.8
WA/BC,Nooksack,Maple Falls,GW-9786,-122.0624,48.9199,304.8
WA/BC,Nooksack,Maple Falls,GW-9787,-122.0624,48.9199,304.8
WA/BC,Nooksack,Maple Falls,GW-9788,-122.0624,48.9199,304.8
WA/BC,Nooksack,Maple Falls,GW-9789,-122.0624,48.9199,304.8
WA/BC,Nooksack,Maple Falls,GW-9791,-122.0624,48.9199,304.8
WA/BC,Olympic_Penninsula,Anderson Cove,GW-9588,-123.0333333,47.45,6.1
WA/BC,Olympic_Penninsula,Anderson Cove,GW-9589,-123.0333333,47.45,6.1
WA/BC,Olympic_Penninsula,Anderson Cove,GW-9591,-123.0333333,47.45,6.1
WA/BC,Olympic_Penninsula,Port Gamble,GW-9585,-122.6333333,47.86666667,61
WA/BC,Olympic_Penninsula,Port Gamble,GW-9587,-122.6333333,47.86666667,61
WA/BC,Puyallup,Orting,BESC-837,-122.2066687,47.03875931,249.8
WA/BC,Puyallup,Orting,BESC-832,-122.2007613,47.03900247,249.8
WA/BC,Puyallup,Orting,BESC-833,-122.2016154,47.03904362,249.8
WA/BC,Puyallup,Orting,BESC-836,-122.203729,47.03911001,249.8
WA/BC,Puyallup,Orting,BESC-834,-122.202593,47.03950136,249.8
WA/BC,Puyallup,Orting,BESC-835,-122.2036193,47.03968023,249.8
WA/BC,Puyallup,Orting,BESC-838,-122.2091232,47.04028515,249.8
WA/BC,Puyallup,Orting,BESC-839,-122.2094032,47.04085646,249.8
WA/BC,Puyallup,Orting,BESC-840,-122.2090704,47.04157278,249.8
WA/BC,Puyallup,Orting,BESC-841,-122.2089785,47.04242949,249.8
WA/BC,Puyallup,Orting,BESC-842,-122.2083466,47.04300969,249.8
WA/BC,Puyallup,Orting,BESC-843,-122.2080462,47.04373112,249.8
WA/BC,Puyallup,Orting,BESC-845,-122.2065637,47.04398568,249.8
WA/BC,Puyallup,Orting,BESC-844,-122.2074111,47.04408911,249.8
WA/BC,Puyallup,Orting,BESC-847,-122.2050252,47.04417578,249.8
WA/BC,Puyallup,Orting,BESC-846,-122.2060408,47.04419774,249.8
WA/BC,Puyallup,Orting,BESC-848,-122.2040718,47.04470116,249.8
WA/BC,Puyallup,Orting,BESC-849,-122.2023868,47.04567128,249.8
WA/BC,Puyallup,Orting,BESC-850,-122.2023501,47.04638894,249.8
WA/BC,Puyallup,Orting,BESC-851,-122.2016869,47.04684458,249.8
WA/BC,Puyallup,Orting,BESC-248,-122.1993946,47.04944372,249.8
WA/BC,Puyallup,Orting,BESC-246,-122.1990668,47.04953684,249.8
WA/BC,Puyallup,Orting,BESC-247,-122.1997513,47.04961664,249.8
WA/BC,Puyallup,Orting,BESC-245,-122.1984227,47.04991663,249.8
WA/BC,Puyallup,Orting,BESC-244,-122.1976275,47.05022156,249.8
WA/BC,Puyallup,Orting,BESC-243,-122.1972702,47.05088357,249.8
WA/BC,Puyallup,Orting,BESC-242,-122.1968659,47.05197623,249.8
WA/BC,Puyallup,Orting,BESC-241,-122.1968833,47.05258409,249.8
WA/BC,Puyallup,Orting,BESC-240,-122.1960706,47.052713,249.8
WA/BC,Puyallup,Orting,BESC-239,-122.1955532,47.05322153,249.8
WA/BC,Puyallup,Orting,BESC-238,-122.1948949,47.05376392,249.8
WA/BC,Puyallup,Orting,BESC-237,-122.1935321,47.05517233,249.8
WA/BC,Puyallup,Orting,BESC-236,-122.1933534,47.0556097,249.8
WA/BC,Puyallup,Orting,BESC-235,-122.1930057,47.05605864,249.8
WA/BC,Puyallup,Orting,BESC-234,-122.1927089,47.05646281,249.8
WA/BC,Puyallup,Orting,BESC-233,-122.1933765,47.0569954,249.8
WA/BC,Puyallup,Orting,BESC-232,-122.1932637,47.05797172,249.8
WA/BC,Puyallup,Orting,BESC-229,-122.1917934,47.05837196,249.8
WA/BC,Puyallup,Orting,BESC-231,-122.1932399,47.05856751,249.8
WA/BC,Puyallup,Orting,BESC-230,-122.1925125,47.0586271,249.8
WA/BC,Puyallup,Orting,BESC-141,-122.1913681,47.0588426,249.8
WA/BC,Puyallup,Orting,BESC-142,-122.1907097,47.05966596,249.8
WA/BC,Puyallup,Orting,BESC-143,-122.1909214,47.06048017,249.8
WA/BC,Puyallup,Orting,BESC-144,-122.1910244,47.06102944,249.8
WA/BC,Puyallup,Orting,BESC-145,-122.1916272,47.06138156,249.8
WA/BC,Puyallup,Orting,BESC-146,-122.1921085,47.06257506,249.8
WA/BC,Puyallup,Orting,BESC-147,-122.1922878,47.0630592,249.8
WA/BC,Puyallup,Orting,BESC-148,-122.1925853,47.06411624,249.8
WA/BC,Puyallup,Orting,BESC-149,-122.1929431,47.06447507,249.8
WA/BC,Puyallup,Orting,BESC-150,-122.194334,47.06592456,249.8
WA/BC,Puyallup,Orting,BESC-151,-122.1946774,47.06650224,249.8
WA/BC,Puyallup,Orting,BESC-152,-122.1948677,47.06697959,249.8
WA/BC,Puyallup,Orting,BESC-153,-122.1948913,47.0674302,249.8
WA/BC,Puyallup,Orting,BESC-154,-122.1949794,47.06842387,249.8
WA/BC,Puyallup,Orting,BESC-155,-122.1950611,47.06883752,249.8
WA/BC,Puyallup,Orting,BESC-156,-122.195408,47.06919953,249.8
WA/BC,Puyallup,Orting,BESC-157,-122.1955806,47.06964612,249.8
WA/BC,Puyallup,Orting,BESC-158,-122.1959131,47.07002716,249.8
WA/BC,Puyallup,Orting,BESC-159,-122.1957046,47.07067684,249.8
WA/BC,Puyallup,Orting,BESC-160,-122.1964496,47.07091053,249.8
WA/BC,Puyallup,Orting,BESC-161,-122.1973965,47.07170388,249.8
WA/BC,Puyallup,Orting,BESC-162,-122.1977788,47.07208836,249.8
WA/BC,Puyallup,Orting,BESC-163,-122.1984432,47.0728154,249.8
WA/BC,Puyallup,Orting,BESC-164,-122.1985738,47.07330147,249.8
WA/BC,Puyallup,Orting,BESC-165,-122.1990201,47.07385107,249.8
WA/BC,Puyallup,Orting,BESC-166,-122.1990864,47.07436714,249.8
WA/BC,Puyallup,Orting,BESC-167,-122.1989024,47.07479152,249.8
WA/BC,Puyallup,Orting,BESC-801,-122.201392,47.07514012,249.8
WA/BC,Puyallup,Orting,BESC-168,-122.1992306,47.07516535,249.8
WA/BC,Puyallup,Orting,BESC-802,-122.2017983,47.07607529,249.8
WA/BC,Puyallup,Orting,BESC-169,-122.1993622,47.07636287,249.8
WA/BC,Puyallup,Orting,BESC-803,-122.2017492,47.07671827,249.8
WA/BC,Puyallup,Orting,BESC-170,-122.1992601,47.07693167,249.8
WA/BC,Puyallup,Orting,BESC-804,-122.202072,47.07717651,249.8
WA/BC,Puyallup,Orting,BESC-171,-122.1991968,47.07724549,249.8
WA/BC,Puyallup,Orting,BESC-172,-122.199318,47.07774773,249.8
WA/BC,Puyallup,Orting,BESC-805,-122.202748,47.07800455,249.8
WA/BC,Puyallup,Orting,BESC-173,-122.1994411,47.07845726,249.8
WA/BC,Puyallup,Orting,BESC-174,-122.1993966,47.07886412,249.8
WA/BC,Puyallup,Orting,BESC-175,-122.1999008,47.07966794,249.8
WA/BC,Puyallup,Orting,BESC-176,-122.200024,47.08054109,249.8
WA/BC,Puyallup,Orting,BESC-806,-122.2051485,47.08082976,249.8
WA/BC,Puyallup,Orting,BESC-177,-122.2001618,47.08114006,249.8
WA/BC,Puyallup,Orting,BESC-807,-122.2065854,47.08175076,249.8
WA/BC,Puyallup,Orting,BESC-808,-122.2065957,47.08230908,249.8
WA/BC,Puyallup,Orting,BESC-178,-122.2011494,47.08242626,249.8
WA/BC,Puyallup,Orting,BESC-179,-122.201417,47.08267403,249.8
WA/BC,Puyallup,Orting,BESC-180,-122.2022258,47.08309681,249.8
WA/BC,Puyallup,Carbonado,GW-9887,-122.2333333,47.08333333,365.8
WA/BC,Puyallup,Carbonado,GW-9888,-122.2333333,47.08333333,365.8
WA/BC,Puyallup,Carbonado,GW-9889,-122.2333333,47.08333333,365.8
WA/BC,Puyallup,Carbonado,GW-9890,-122.2333333,47.08333333,365.8
WA/BC,Puyallup,Carbonado,GW-9891,-122.2333333,47.08333333,365.8
WA/BC,Puyallup,Carbonado,GW-9892,-122.2333333,47.08333333,365.8
WA/BC,Puyallup,Carbonado,GW-9893,-122.2333333,47.08333333,365.8
WA/BC,Puyallup,Carbonado,GW-9894,-122.2333333,47.08333333,365.8
WA/BC,Puyallup,Carbonado,GW-9895,-122.2333333,47.08333333,365.8
WA/BC,Puyallup,Carbonado,GW-9896,-122.2333333,47.08333333,365.8
WA/BC,Puyallup,Carbonado,GW-9898,-122.2333333,47.08333333,365.8
WA/BC,Puyallup,Orting,BESC-181,-122.2027719,47.08337031,249.8
WA/BC,Puyallup,Orting,BESC-182,-122.2034033,47.08362051,249.8
WA/BC,Puyallup,Orting,BESC-183,-122.2040834,47.08395193,249.8
WA/BC,Puyallup,Orting,BESC-184,-122.2045619,47.08424429,249.8
WA/BC,Puyallup,Orting,BESC-185,-122.205286,47.08450765,249.8
WA/BC,Puyallup,Orting,BESC-809,-122.20886,47.08504477,249.8
WA/BC,Puyallup,Orting,BESC-186,-122.2063601,47.08511408,249.8
WA/BC,Puyallup,Orting,BESC-187,-122.2069225,47.08539731,249.8
WA/BC,Puyallup,Orting,BESC-188,-122.2077726,47.08612259,249.8
WA/BC,Puyallup,Orting,BESC-810,-122.2104177,47.08658787,249.8
WA/BC,Puyallup,Orting,BESC-823,-122.1865291,47.08686406,249.8
WA/BC,Puyallup,Orting,BESC-822,-122.1813626,47.0868768,249.8
WA/BC,Puyallup,Orting,BESC-821,-122.178911,47.08687839,249.8
WA/BC,Puyallup,Orting,BESC-820,-122.17594,47.08694972,249.8
WA/BC,Puyallup,Orting,BESC-819,-122.1748524,47.08695643,249.8
WA/BC,Puyallup,Orting,BESC-811,-122.2120326,47.08763385,249.8
WA/BC,Puyallup,Orting,BESC-824,-122.188587,47.08766285,249.8
WA/BC,Puyallup,Orting,BESC-189,-122.2100112,47.08770158,249.8
WA/BC,Puyallup,Orting,BESC-818,-122.1694622,47.08781121,249.8
WA/BC,Puyallup,Orting,BESC-190,-122.2104161,47.08786938,249.8
WA/BC,Puyallup,Orting,BESC-825,-122.1894927,47.08813232,249.8
WA/BC,Puyallup,Orting,BESC-812,-122.2128753,47.0881449,249.8
WA/BC,Puyallup,Orting,BESC-191,-122.2112805,47.08840733,249.8
WA/BC,Puyallup,Orting,BESC-826,-122.1901018,47.08854765,249.8
WA/BC,Puyallup,Orting,BESC-817,-122.1661131,47.08869743,249.8
WA/BC,Puyallup,Orting,BESC-192,-122.2118002,47.08872543,249.8
WA/BC,Puyallup,Orting,BESC-813,-122.2139225,47.08888938,249.8
WA/BC,Puyallup,Orting,BESC-193,-122.2126905,47.08913472,249.8
WA/BC,Puyallup,Orting,BESC-194,-122.2117131,47.08929213,249.8
WA/BC,Puyallup,Orting,BESC-827,-122.1914269,47.08954157,249.8
WA/BC,Puyallup,Orting,BESC-814,-122.214456,47.08955993,249.8
WA/BC,Puyallup,Orting,BESC-195,-122.2135,47.0896259,249.8
WA/BC,Puyallup,Orting,BESC-828,-122.1901345,47.08965314,249.8
WA/BC,Puyallup,Orting,BESC-196,-122.2140071,47.09009537,249.8
WA/BC,Puyallup,Orting,BESC-197,-122.2143516,47.09051622,249.8
WA/BC,Puyallup,Orting,BESC-815,-122.2157572,47.09055679,249.8
WA/BC,Puyallup,Orting,BESC-829,-122.1904146,47.09060264,249.8
WA/BC,Puyallup,Orting,BESC-198,-122.214763,47.09098963,249.8
WA/BC,Puyallup,Orting,BESC-830,-122.1905771,47.09125869,249.8
WA/BC,Puyallup,Orting,BESC-199,-122.215163,47.09143387,249.8
WA/BC,Puyallup,Orting,BESC-200,-122.215679,47.0920828,249.8
WA/BC,Puyallup,Orting,BESC-831,-122.1909242,47.09250013,249.8
WA/BC,Puyallup,Orting,BESC-201,-122.216353,47.09274614,249.8
WA/BC,Puyallup,Orting,BESC-202,-122.2168223,47.09321251,249.8
WA/BC,Puyallup,Orting,BESC-816,-122.2190963,47.09389589,249.8
WA/BC,Puyallup,Orting,BESC-203,-122.2172829,47.09390695,249.8
WA/BC,Puyallup,Orting,BESC-204,-122.2181304,47.09460466,249.8
WA/BC,Puyallup,Orting,BESC-205,-122.218506,47.09514789,249.8
WA/BC,Puyallup,Orting,BESC-206,-122.2189606,47.09544042,249.8
WA/BC,Puyallup,Orting,BESC-207,-122.219601,47.09563547,249.8
WA/BC,Puyallup,Orting,BESC-208,-122.2198223,47.09601726,249.8
WA/BC,Puyallup,Orting,BESC-209,-122.2197045,47.09646477,249.8
WA/BC,Puyallup,Orting,BESC-210,-122.2198169,47.09736608,249.8
WA/BC,Puyallup,Orting,BESC-228,-122.1927025,47.09744437,249.8
WA/BC,Puyallup,Orting,BESC-227,-122.1930889,47.09784988,249.8
WA/BC,Puyallup,Orting,BESC-211,-122.2200477,47.09827694,249.8
WA/BC,Puyallup,Orting,BESC-226,-122.193473,47.09836126,249.8
WA/BC,Puyallup,Orting,BESC-225,-122.194178,47.09859286,249.8
WA/BC,Puyallup,Orting,BESC-212,-122.2198536,47.09883627,249.8
WA/BC,Puyallup,Orting,BESC-224,-122.19497,47.0990951,249.8
WA/BC,Puyallup,Orting,BESC-213,-122.219794,47.09935142,249.8
WA/BC,Puyallup,Orting,BESC-223,-122.1965836,47.09992675,249.8
WA/BC,Puyallup,Orting,GW-9911,-122.2,47.1,61
WA/BC,Puyallup,Orting,GW-9912,-122.2,47.1,61
WA/BC,Puyallup,Orting,GW-9913,-122.2,47.1,61
WA/BC,Puyallup,Orting,GW-9914,-122.2,47.1,61
WA/BC,Puyallup,Orting,GW-9915,-122.2,47.1,61
WA/BC,Puyallup,Orting,GW-9916,-122.2,47.1,61
WA/BC,Puyallup,Orting,GW-9917,-122.2,47.1,61
WA/BC,Puyallup,Orting,GW-9918,-122.2,47.1,61
WA/BC,Puyallup,Orting,GW-9919,-122.2,47.1,61
WA/BC,Puyallup,Orting,GW-9920,-122.2,47.1,61
WA/BC,Puyallup,Orting,GW-9921,-122.2,47.1,61
WA/BC,Puyallup,Orting,GW-9922,-122.2,47.1,NA
WA/BC,Puyallup,Orting,BESC-214,-122.2202342,47.10022029,249.8
WA/BC,Puyallup,Orting,BESC-215,-122.1998968,47.10083158,249.8
WA/BC,Puyallup,Orting,BESC-222,-122.1986151,47.10120751,249.8
WA/BC,Puyallup,Orting,BESC-221,-122.2002148,47.10209096,249.8
WA/BC,Puyallup,Orting,BESC-220,-122.2023995,47.10326669,249.8
WA/BC,Puyallup,Orting,BESC-219,-122.203447,47.10393514,249.8
WA/BC,Puyallup,Orting,BESC-218,-122.2040021,47.10413472,249.8
WA/BC,Puyallup,Orting,BESC-217,-122.2046274,47.1044876,249.8
WA/BC,Puyallup,Orting,BESC-216,-122.2055192,47.10493661,249.8
WA/BC,Puyallup,Crocker,GW-9899,-122.1166667,47.11666667,121.9
WA/BC,Puyallup,Crocker,GW-9900,-122.1166667,47.11666667,121.9
WA/BC,Puyallup,Crocker,GW-9901,-122.1166667,47.11666667,121.9
WA/BC,Puyallup,Crocker,GW-9902,-122.1166667,47.11666667,NA
WA/BC,Puyallup,Crocker,GW-9903,-122.1166667,47.11666667,121.9
WA/BC,Puyallup,Crocker,GW-9904,-122.1166667,47.11666667,121.9
WA/BC,Puyallup,Crocker,GW-9905,-122.1166667,47.11666667,121.9
WA/BC,Puyallup,Crocker,GW-9906,-122.1166667,47.11666667,121.9
WA/BC,Puyallup,Crocker,GW-9907,-122.1166667,47.11666667,121.9
WA/BC,Puyallup,Crocker,GW-9908,-122.1166667,47.11666667,121.9
WA/BC,Puyallup,Crocker,GW-9909,-122.1166667,47.11666667,121.9
WA/BC,Puyallup,Crocker,GW-9910,-122.1166667,47.11666667,121.9
WA/BC,Puyallup,Preston,GW-9864,-121.9333333,47.2,152.4
WA/BC,Puyallup,Preston,GW-9865,-121.9333333,47.2,152.4
WA/BC,Puyallup,Preston,GW-9866,-121.9333333,47.2,152.4
WA/BC,Puyallup,Preston,GW-9867,-121.9333333,47.2,152.4
WA/BC,Puyallup,Preston,GW-9868,-121.9333333,47.2,152.4
WA/BC,Puyallup,Preston,GW-9869,-121.9333333,47.2,152.4
WA/BC,Puyallup,Preston,GW-9870,-121.9333333,47.2,152.4
WA/BC,Puyallup,Preston,GW-9871,-121.9333333,47.2,152.4
WA/BC,Puyallup,Preston,GW-9872,-121.9333333,47.2,152.4
WA/BC,Puyallup,Preston,GW-9873,-121.9333333,47.2,152.4
WA/BC,Puyallup,Preston,GW-9874,-121.9333333,47.2,152.4
WA/BC,Puyallup,Sumner,GW-9875,-122.05,47.2,18.3
WA/BC,Puyallup,Sumner,GW-9876,-122.05,47.2,18.3
WA/BC,Puyallup,Sumner,GW-9877,-122.05,47.2,NA
WA/BC,Puyallup,Sumner,GW-9878,-122.05,47.2,18.3
WA/BC,Puyallup,Sumner,GW-9879,-122.05,47.2,18.3
WA/BC,Puyallup,Sumner,GW-9880,-122.05,47.2,18.3
WA/BC,Puyallup,Sumner,GW-9882,-122.05,47.2,18.3
WA/BC,Puyallup,Sumner,GW-9883,-122.05,47.2,18.3
WA/BC,Puyallup,Sumner,GW-9884,-122.05,47.2,18.3
WA/BC,Puyallup,Sumner,GW-9885,-122.05,47.2,18.3
WA/BC,Puyallup,Sumner,GW-9886,-122.05,47.2,18.3
WA/BC,Salmon,WHTE,WHTE-28-1,-126.05,50.13333333,213
WA/BC,Salmon,WHTE,WHTE-28-2,-126.05,50.13333333,213
WA/BC,Salmon,WHTE,WHTE-28-3,-126.05,50.13333333,213
WA/BC,Salmon,WHTE,WHTE-28-4,-126.05,50.13333333,213
WA/BC,Salmon,SLMB,SLMB-28-1,-125.7814,50.2305,30
WA/BC,Salmon,SLMB,SLMB-28-2,-125.7814,50.2305,30
WA/BC,Salmon,SLMB,SLMB-28-3,-125.7814,50.2305,30
WA/BC,Salmon,SLMB,SLMB-28-4,-125.7814,50.2305,30
WA/BC,Salmon,SLMC,SLMC-28-1,-125.8333333,50.26666667,30
WA/BC,Salmon,SLMC,SLMC-28-2,-125.8333333,50.26666667,30
WA/BC,Salmon,SLMC,SLMC-28-3,-125.8333333,50.26666667,30
WA/BC,Salmon,SLMD,SLMD-28-1,-125.8666667,50.28333333,30
WA/BC,Salmon,SLMD,SLMD-28-3,-125.8666667,50.28333333,30
WA/BC,Salmon,SLMD,SLMD-28-4,-125.8666667,50.28333333,30
WA/BC,Skagit,Mount Vernon,GW-10982,-122.3,48.4,NA
WA/BC,Skagit,Mount Vernon,GW-10983,-122.3,48.4,NA
WA/BC,Skagit,Mount Vernon,GW-10984,-122.3,48.4,NA
WA/BC,Skagit,Mount Vernon,GW-10985,-122.3,48.4,NA
WA/BC,Skagit,Mount Vernon,GW-10986,-122.3,48.4,NA
WA/BC,Skagit,Mount Vernon,GW-10987,-122.3,48.4,NA
WA/BC,Skagit,Mount Vernon,GW-10988,-122.3,48.4,NA
WA/BC,Skagit,Mount Vernon,GW-10989,-122.3,48.4,NA
WA/BC,Skagit,Mount Vernon,GW-10992,-122.3,48.4,NA
WA/BC,Skagit,Mount Vernon,GW-10993,-122.3,48.4,NA
WA/BC,Skagit,Mount Vernon,GW-10995,-122.3,48.4,NA
WA/BC,Skagit,Mount Vernon,GW-10997,-122.3,48.4,NA
WA/BC,Skagit,Mount Vernon,GW-10998,-122.3,48.4,NA
WA/BC,Skagit,Mount Vernon,GW-10999,-122.3,48.4,NA
WA/BC,Skagit,Mount Vernon,GW-11001,-122.3,48.4,NA
WA/BC,Skagit,Mount Vernon,GW-11018,-122.3,48.4,NA
WA/BC,Skagit,Mount Vernon,GW-11019,-122.3,48.4,NA
WA/BC,Skagit,Mount Vernon,GW-11021,-122.3,48.4,NA
WA/BC,Skagit,Mount Vernon,GW-11022,-122.3,48.4,NA
WA/BC,Skagit,Mount Vernon,GW-11024,-122.3,48.4,NA
WA/BC,Skagit,Mount Vernon,GW-11025,-122.3,48.4,NA
WA/BC,Skagit,Mount Vernon,GW-11026,-122.3,48.4,NA
WA/BC,Skagit,Mount Vernon,GW-11027,-122.3,48.4,NA
WA/BC,Skagit,Skiou Island,BESC-331,-122.1602839,48.4892376,47.9
WA/BC,Skagit,Skiou Island,BESC-374,-122.1597259,48.48934849,47.9
WA/BC,Skagit,Skiou Island,BESC-332,-122.160233,48.48972064,47.9
WA/BC,Skagit,Skiou Island,BESC-373,-122.1596161,48.48978711,47.9
WA/BC,Skagit,Skiou Island,BESC-372,-122.1592763,48.49004628,47.9
WA/BC,Skagit,Skiou Island,BESC-375,-122.1587264,48.49007947,47.9
WA/BC,Skagit,Skiou Island,BESC-333,-122.1603772,48.49013354,47.9
WA/BC,Skagit,Skiou Island,BESC-376,-122.1586202,48.49050561,47.9
WA/BC,Skagit,Skiou Island,BESC-371,-122.1594553,48.49054911,47.9
WA/BC,Skagit,Skiou Island,BESC-334,-122.1602395,48.49056286,47.9
WA/BC,Skagit,Skiou Island,BESC-335,-122.1605447,48.49067249,47.9
WA/BC,Skagit,Skiou Island,BESC-377,-122.1580772,48.49092378,47.9
WA/BC,Skagit,Skiou Island,BESC-336,-122.1603611,48.49109419,47.9
WA/BC,Skagit,Skiou Island,BESC-370,-122.1597433,48.49125168,47.9
WA/BC,Skagit,Skiou Island,BESC-337,-122.1603825,48.49144329,47.9
WA/BC,Skagit,Skiou Island,BESC-378,-122.1595001,48.49172685,47.9
WA/BC,Skagit,Skiou Island,BESC-369,-122.1599961,48.49175703,47.9
WA/BC,Skagit,Skiou Island,BESC-338,-122.1606281,48.49184345,47.9
WA/BC,Skagit,Skiou Island,BESC-368,-122.1599125,48.49219993,47.9
WA/BC,Skagit,Skiou Island,BESC-339,-122.16063,48.49220378,47.9
WA/BC,Skagit,Skiou Island,BESC-340,-122.1609268,48.49261793,47.9
WA/BC,Skagit,Skiou Island,BESC-367,-122.1598678,48.49263562,47.9
WA/BC,Skagit,Skiou Island,BESC-387,-122.1573175,48.49267066,47.9
WA/BC,Skagit,Skiou Island,BESC-357,-122.153878,48.49269798,47.9
WA/BC,Skagit,Skiou Island,BESC-383,-122.156811,48.49276034,47.9
WA/BC,Skagit,Skiou Island,BESC-341,-122.160633,48.49282078,47.9
WA/BC,Skagit,Skiou Island,BESC-366,-122.1595394,48.49299847,47.9
WA/BC,Skagit,Skiou Island,BESC-386,-122.1576241,48.4930905,47.9
WA/BC,Skagit,Skiou Island,BESC-379,-122.1587578,48.49315614,47.9
WA/BC,Skagit,Skiou Island,BESC-382,-122.156857,48.49318069,47.9
WA/BC,Skagit,Skiou Island,BESC-356,-122.1536854,48.4932252,47.9
WA/BC,Skagit,Skiou Island,BESC-342,-122.1603218,48.49347222,47.9
WA/BC,Skagit,Skiou Island,BESC-365,-122.1591599,48.49350776,47.9
WA/BC,Skagit,Skiou Island,BESC-385,-122.1574602,48.49358277,47.9
WA/BC,Skagit,Skiou Island,BESC-381,-122.1569404,48.49365586,47.9
WA/BC,Skagit,Skiou Island,BESC-380,-122.1581165,48.49367078,47.9
WA/BC,Skagit,Skiou Island,BESC-355,-122.1532955,48.49367548,47.9
WA/BC,Skagit,Skiou Island,BESC-364,-122.1587002,48.49371579,47.9
WA/BC,Skagit,Skiou Island,BESC-343,-122.1598474,48.49373331,47.9
WA/BC,Skagit,Skiou Island,BESC-384,-122.1565139,48.49390531,47.9
WA/BC,Skagit,Skiou Island,BESC-363,-122.158153,48.49405057,47.9
WA/BC,Skagit,Skiou Island,BESC-344,-122.1595512,48.49409189,47.9
WA/BC,Skagit,Skiou Island,BESC-354,-122.1525869,48.49409332,47.9
WA/BC,Skagit,Skiou Island,BESC-362,-122.1573184,48.49414394,47.9
WA/BC,Skagit,Skiou Island,BESC-358,-122.154515,48.49425266,47.9
WA/BC,Skagit,Skiou Island,BESC-361,-122.1567928,48.49428124,47.9
WA/BC,Skagit,Skiou Island,BESC-345,-122.1586933,48.49441895,47.9
WA/BC,Skagit,Skiou Island,BESC-346,-122.1581136,48.49448073,47.9
WA/BC,Skagit,Skiou Island,BESC-352,-122.153819,48.49448215,47.9
WA/BC,Skagit,Skiou Island,BESC-359,-122.1552965,48.49450009,47.9
WA/BC,Skagit,Skiou Island,BESC-360,-122.1561052,48.4945275,47.9
WA/BC,Skagit,Skiou Island,BESC-353,-122.1530465,48.49457134,47.9
WA/BC,Skagit,Skiou Island,BESC-351,-122.1543214,48.49472313,47.9
WA/BC,Skagit,Skiou Island,BESC-347,-122.157562,48.49473411,47.9
WA/BC,Skagit,Skiou Island,BESC-348,-122.1568165,48.49477326,47.9
WA/BC,Skagit,Skiou Island,BESC-349,-122.1561341,48.49489546,47.9
WA/BC,Skagit,Skiou Island,BESC-350,-122.1554234,48.49494626,47.9
WA/BC,Skagit,Sedro Woolley,GW-9792,-122.2166667,48.5,18.3
WA/BC,Skagit,Sedro Woolley,GW-9793,-122.2166667,48.5,18.3
WA/BC,Skagit,Sedro Woolley,GW-9794,-122.2166667,48.5,18.3
WA/BC,Skagit,Sedro Woolley,GW-9795,-122.2166667,48.5,18.3
WA/BC,Skagit,Sedro Woolley,GW-9796,-122.2166667,48.5,18.3
WA/BC,Skagit,Sedro Woolley,GW-9797,-122.2166667,48.5,18.3
WA/BC,Skagit,Sedro Woolley,GW-9798,-122.2166667,48.5,18.3
WA/BC,Skagit,Sedro Woolley,GW-9799,-122.2166667,48.5,18.3
WA/BC,Skagit,Sedro Woolley,GW-9801,-122.2166667,48.5,18.3
WA/BC,Skagit,Sedro Woolley,GW-9802,-122.2166667,48.5,18.3
WA/BC,Skagit,Sedro Woolley,GW-9803,-122.2166667,48.5,18.3
WA/BC,Skagit,Lyman,BESC-409,-122.0221735,48.50599042,84.7
WA/BC,Skagit,Lyman,BESC-410,-122.0226609,48.50673364,84.7
WA/BC,Skagit,Lyman,BESC-411,-122.0239035,48.50767242,84.7
WA/BC,Skagit,Lyman,BESC-413,-122.0246953,48.50796243,84.7
WA/BC,Skagit,Lyman,BESC-412,-122.0242951,48.50822437,84.7
WA/BC,Skagit,Hamilton Island,BESC-442,-122.008445,48.51344294,92.6
WA/BC,Skagit,Hamilton Island,BESC-441,-122.008899,48.51396136,92.6
WA/BC,Skagit,Hamilton Island,BESC-440,-122.0089667,48.51448171,92.6
WA/BC,Skagit,Hamilton Island,BESC-439,-122.0089998,48.514878,92.6
WA/BC,Skagit,Utopia Rd,BESC-389,-122.1119995,48.51495948,73.2
WA/BC,Skagit,Utopia Rd,BESC-388,-122.1094353,48.51506492,73.2
WA/BC,Skagit,Utopia Rd,BESC-390,-122.1128659,48.51509283,73.2
WA/BC,Skagit,Utopia Rd,BESC-392,-122.114648,48.51519275,73.2
WA/BC,Skagit,Utopia Rd,BESC-391,-122.1135739,48.5152432,73.2
WA/BC,Skagit,Utopia Rd,BESC-393,-122.115229,48.51527388,73.2
WA/BC,Skagit,Hamilton Island,BESC-438,-122.009479,48.5153199,92.6
WA/BC,Skagit,Utopia Rd,BESC-394,-122.1157907,48.51536315,73.2
WA/BC,Skagit,Utopia Rd,BESC-396,-122.1169146,48.51540213,73.2
WA/BC,Skagit,Utopia Rd,BESC-397,-122.11804,48.51541637,73.2
WA/BC,Skagit,Utopia Rd,BESC-395,-122.1164215,48.51545552,73.2
WA/BC,Skagit,Hamilton Island,BESC-437,-122.0099348,48.51562039,92.6
WA/BC,Skagit,Hamilton Island,BESC-436,-122.0103467,48.51592742,92.6
WA/BC,Skagit,Hamilton Island,BESC-435,-122.0108973,48.5162575,92.6
WA/BC,Skagit,Hamilton Island,BESC-434,-122.0113089,48.51650728,92.6
WA/BC,Skagit,Lyman,GW-9804,-122.05,48.51666667,22.9
WA/BC,Skagit,Lyman,GW-9805,-122.05,48.51666667,22.9
WA/BC,Skagit,Lyman,GW-9806,-122.05,48.51666667,22.9
WA/BC,Skagit,Lyman,GW-9807,-122.05,48.51666667,22.9
WA/BC,Skagit,Lyman,GW-9809,-122.05,48.51666667,22.9
WA/BC,Skagit,Lyman,GW-9810,-122.05,48.51666667,22.9
WA/BC,Skagit,Lyman,GW-9811,-122.05,48.51666667,22.9
WA/BC,Skagit,Lyman,GW-9812,-122.05,48.51666667,22.9
WA/BC,Skagit,Lyman,GW-9813,-122.05,48.51666667,22.9
WA/BC,Skagit,Lyman,GW-9814,-122.05,48.51666667,22.9
WA/BC,Skagit,Lyman,GW-9815,-122.05,48.51666667,22.9
WA/BC,Skagit,Hamilton Island,BESC-433,-122.0117274,48.51685538,92.6
WA/BC,Skagit,Hamilton Island,BESC-432,-122.0121236,48.51720247,92.6
WA/BC,Skagit,Lyman Island,BESC-470,-122.0487408,48.51733642,76.8
WA/BC,Skagit,Lyman Island,BESC-469,-122.0496418,48.51739811,76.8
WA/BC,Skagit,Lyman Island,BESC-468,-122.0510736,48.51752241,76.8
WA/BC,Skagit,Hamilton Island,BESC-431,-122.012656,48.51753239,92.6
WA/BC,Skagit,Lyman Island,BESC-467,-122.051575,48.51768351,76.8
WA/BC,Skagit,Hamilton Island,BESC-430,-122.0129564,48.51789616,92.6
WA/BC,Skagit,Lyman Island,BESC-466,-122.0520428,48.51802088,76.8
WA/BC,Skagit,Hamilton Island,BESC-429,-122.0132467,48.5182161,92.6
WA/BC,Skagit,Lyman Island,BESC-465,-122.0524216,48.5183798,76.8
WA/BC,Skagit,Hamilton Island,BESC-428,-122.0136059,48.51850821,92.6
WA/BC,Skagit,Lyman Island,BESC-464,-122.052954,48.5185958,76.8
WA/BC,Skagit,Hamilton Island,BESC-457,-122.0137582,48.51887659,92.6
WA/BC,Skagit,Lyman Island,BESC-463,-122.053355,48.51888179,76.8
WA/BC,Skagit,Hamilton Island,BESC-456,-122.013099,48.51894809,92.6
WA/BC,Skagit,Lyman Island,BESC-462,-122.0537215,48.5192661,76.8
WA/BC,Skagit,Hamilton Island,BESC-455,-122.013935,48.51942921,92.6
WA/BC,Skagit,Lyman Island,BESC-461,-122.0541089,48.51964898,76.8
WA/BC,Skagit,Hamilton Island,BESC-454,-122.0139338,48.51982148,92.6
WA/BC,Skagit,Lyman Island,BESC-460,-122.0545522,48.51990052,76.8
WA/BC,Skagit,Lyman Island,BESC-459,-122.0548846,48.52027955,76.8
WA/BC,Skagit,Hamilton Island,BESC-453,-122.014026,48.52030395,92.6
WA/BC,Skagit,Lyman Island,BESC-458,-122.0554433,48.52063755,76.8
WA/BC,Skagit,Hamilton Island,BESC-452,-122.0138805,48.52069496,92.6
WA/BC,Skagit,Hamilton Island,BESC-451,-122.0138131,48.52126359,92.6
WA/BC,Skagit,Hamilton Island,BESC-450,-122.0134797,48.52162242,92.6
WA/BC,Skagit,Hamilton Island,BESC-449,-122.0131433,48.52206188,92.6
WA/BC,Skagit,Hamilton Island,BESC-448,-122.0126148,48.52259036,92.6
WA/BC,Skagit,Hamilton Island,BESC-447,-122.0119156,48.52291407,92.6
WA/BC,Skagit,Lyman,BESC-408,-122.0956048,48.5229398,84.7
WA/BC,Skagit,Hamilton Island,BESC-446,-122.0111906,48.52303569,92.6
WA/BC,Skagit,Hamilton,BESC-423,-122.0149776,48.52308137,69.3
WA/BC,Skagit,Lyman,BESC-407,-122.0937826,48.52318497,84.7
WA/BC,Skagit,Hamilton Island,BESC-445,-122.0106462,48.52320844,92.6
WA/BC,Skagit,Hamilton Island,BESC-443,-122.0089924,48.52324507,92.6
WA/BC,Skagit,Hamilton Island,BESC-444,-122.0099938,48.52330693,92.6
WA/BC,Skagit,Lyman,BESC-406,-122.0901421,48.52335487,84.7
WA/BC,Skagit,Lyman,BESC-405,-122.089363,48.52342403,84.7
WA/BC,Skagit,Hamilton,BESC-422,-122.0144567,48.52345286,69.3
WA/BC,Skagit,Lyman,BESC-404,-122.0822189,48.52375209,84.7
WA/BC,Skagit,Lyman,BESC-403,-122.0799103,48.5240271,84.7
WA/BC,Skagit,Lyman,BESC-402,-122.0792049,48.52408561,84.7
WA/BC,Skagit,Lyman,BESC-401,-122.078595,48.52425467,84.7
WA/BC,Skagit,Hamilton,BESC-421,-122.0139794,48.52426574,69.3
WA/BC,Skagit,Lyman,BESC-400,-122.0771781,48.5243146,84.7
WA/BC,Skagit,Hamilton,BESC-424,-122.0146486,48.52446967,69.3
WA/BC,Skagit,Lyman,BESC-399,-122.0762749,48.52447512,84.7
WA/BC,Skagit,Lyman,BESC-398,-122.0752954,48.52453781,84.7
WA/BC,Skagit,Hamilton,BESC-420,-122.0134038,48.52483034,69.3
WA/BC,Skagit,Hamilton,BESC-425,-122.0160673,48.52486655,69.3
WA/BC,Skagit,Hamilton,BESC-418,-122.0118042,48.52500376,69.3
WA/BC,Skagit,Lyman,BESC-417,-122.0112923,48.52503218,84.7
WA/BC,Skagit,Lyman,BESC-416,-122.0106041,48.52504098,84.7
WA/BC,Skagit,Lyman,BESC-415,-122.0097908,48.52511642,84.7
WA/BC,Skagit,Hamilton,BESC-419,-122.0129451,48.52513972,69.3
WA/BC,Skagit,Lyman,BESC-414,-122.0089507,48.52518364,84.7
WA/BC,Skagit,Hamilton,BESC-427,-122.0153105,48.52625476,69.3
WA/BC,Skagit,Hamilton,BESC-426,-122.0163041,48.5264307,69.3
WA/BC,Skagit,Concrete,GW-9816,-121.75,48.53333333,76.2
WA/BC,Skagit,Concrete,GW-9817,-121.75,48.53333333,76.2
WA/BC,Skagit,Concrete,GW-9818,-121.75,48.53333333,76.2
WA/BC,Skagit,Concrete,GW-9819,-121.75,48.53333333,76.2
WA/BC,Skagit,Concrete,GW-9820,-121.75,48.53333333,76.2
WA/BC,Skagit,Concrete,GW-9821,-121.75,48.53333333,76.2
WA/BC,Skagit,Concrete,GW-9822,-121.75,48.53333333,76.2
WA/BC,Skagit,Concrete,GW-9823,-121.75,48.53333333,76.2
WA/BC,Skagit,Concrete,GW-9824,-121.75,48.53333333,76.2
WA/BC,Skagit,Concrete,GW-9826,-121.75,48.53333333,76.2
WA/BC,Skagit,Concrete,GW-9827,-121.75,48.53333333,76.2
WA/BC,Skwawka,SKWA,SKWA-24-2,-123.9833333,50.21666667,61
WA/BC,Skwawka,SKWA,SKWA-24-3,-123.9833333,50.21666667,61
WA/BC,Skwawka,SKWA,SKWA-24-4,-123.9833333,50.21666667,61
WA/BC,Skwawka,SKWA,SKWA-24-5,-123.9833333,50.21666667,61
WA/BC,Skwawka,SKWE,SKWE-24-1,-123.965,50.224,231
WA/BC,Skwawka,SKWE,SKWE-24-2,-123.965,50.224,231
WA/BC,Skwawka,SKWE,SKWE-24-3,-123.965,50.224,231
WA/BC,Skwawka,SKWE,SKWE-24-4,-123.965,50.224,231
WA/BC,Skwawka,SKWE,SKWE-24-5,-123.965,50.224,231
WA/BC,Skwawka,SKWB,SKWB-24-2,-124,50.23333333,115
WA/BC,Skwawka,SKWB,SKWB-24-3,-124,50.23333333,115
WA/BC,Skwawka,SKWB,SKWB-24-5,-124,50.23333333,115
WA/BC,Skwawka,SKWC,SKWC-24-1,-124.0245,50.2514,152
WA/BC,Skwawka,SKWD,SKWD-24-1,-124.0245,50.2514,323
WA/BC,Skwawka,SKWD,SKWD-24-3,-124.0245,50.2514,323
WA/BC,Skwawka,SKWD,SKWD-24-4,-124.0245,50.2514,323
WA/BC,Skwawka,SKWD,SKWD-24-5,-124.0245,50.2514,323
WA/BC,Skwawka,SKWF,SKWF-24-3,-123.9277,50.2453,244
WA/BC,Skwawka,SKWF,SKWF-24-4,-123.9277,50.2453,244
WA/BC,Skwawka,SKWF,SKWF-24-5,-123.9277,50.2453,244
WA/BC,Skykomish,Monroe,BESC-249,-122.3014417,47.66362944,35.6
WA/BC,Skykomish,Stillwater,GW-9852,-121.9166667,47.68333333,30.5
WA/BC,Skykomish,Stillwater,GW-9853,-121.9166667,47.68333333,30.5
WA/BC,Skykomish,Stillwater,GW-9854,-121.9166667,47.68333333,30.5
WA/BC,Skykomish,Stillwater,GW-9855,-121.9166667,47.68333333,30.5
WA/BC,Skykomish,Stillwater,GW-9856,-121.9166667,47.68333333,30.5
WA/BC,Skykomish,Stillwater,GW-9857,-121.9166667,47.68333333,30.5
WA/BC,Skykomish,Stillwater,GW-9858,-121.9166667,47.68333333,30.5
WA/BC,Skykomish,Stillwater,GW-9860,-121.9166667,47.68333333,30.5
WA/BC,Skykomish,Stillwater,GW-9861,-121.9166667,47.68333333,30.5
WA/BC,Skykomish,Stillwater,GW-9862,-121.9166667,47.68333333,30.5
WA/BC,Skykomish,Stillwater,GW-9863,-121.9166667,47.68333333,30.5
WA/BC,Skykomish,Pleasant Hill,GW-9828,-121.9333333,47.73333333,53.3
WA/BC,Skykomish,Pleasant Hill,GW-9829,-121.9333333,47.73333333,53.3
WA/BC,Skykomish,Pleasant Hill,GW-9830,-121.9333333,47.73333333,53.3
WA/BC,Skykomish,Pleasant Hill,GW-9831,-121.9333333,47.73333333,53.3
WA/BC,Skykomish,Pleasant Hill,GW-9832,-121.9333333,47.73333333,53.3
WA/BC,Skykomish,Pleasant Hill,GW-9833,-121.9333333,47.73333333,53.3
WA/BC,Skykomish,Pleasant Hill,GW-9834,-121.9333333,47.73333333,53.3
WA/BC,Skykomish,Pleasant Hill,GW-9835,-121.9333333,47.73333333,NA
WA/BC,Skykomish,Pleasant Hill,GW-9836,-121.9333333,47.73333333,53.3
WA/BC,Skykomish,Pleasant Hill,GW-9837,-121.9333333,47.73333333,53.3
WA/BC,Skykomish,Pleasant Hill,GW-9838,-121.9333333,47.73333333,53.3
WA/BC,Skykomish,Pleasant Hill,GW-9839,-121.9333333,47.73333333,53.3
WA/BC,Skykomish,Duvall,GW-9840,-121.9833333,47.73333333,30.5
WA/BC,Skykomish,Duvall,GW-9841,-121.9833333,47.73333333,30.5
WA/BC,Skykomish,Duvall,GW-9842,-121.9833333,47.73333333,30.5
WA/BC,Skykomish,Duvall,GW-9843,-121.9833333,47.73333333,30.5
WA/BC,Skykomish,Duvall,GW-9844,-121.9833333,47.73333333,30.5
WA/BC,Skykomish,Duvall,GW-9845,-121.9833333,47.73333333,30.5
WA/BC,Skykomish,Duvall,GW-9846,-121.9833333,47.73333333,30.5
WA/BC,Skykomish,Duvall,GW-9847,-121.9833333,47.73333333,30.5
WA/BC,Skykomish,Duvall,GW-9848,-121.9833333,47.73333333,30.5
WA/BC,Skykomish,Duvall,GW-9849,-121.9833333,47.73333333,30.5
WA/BC,Skykomish,Duvall,GW-9850,-121.9833333,47.73333333,30.5
WA/BC,Skykomish,Duvall,GW-9851,-121.9833333,47.73333333,30.5
WA/BC,Skykomish,Monroe,BESC-250,-121.9889204,47.83943583,35.6
WA/BC,Skykomish,Monroe,BESC-251,-121.9879034,47.8395194,35.6
WA/BC,Skykomish,Monroe,BESC-252,-121.9871553,47.83962308,35.6
WA/BC,Skykomish,Monroe,BESC-253,-121.986293,47.83966206,35.6
WA/BC,Skykomish,Monroe,BESC-254,-121.9856174,47.83968494,35.6
WA/BC,Skykomish,Monroe,BESC-255,-121.9847673,47.83969483,35.6
WA/BC,Skykomish,Gold Bar,BESC-882,-121.6898906,47.83994646,189.6
WA/BC,Skykomish,Monroe,BESC-256,-121.9836879,47.83998971,35.6
WA/BC,Skykomish,Monroe,BESC-257,-121.9829818,47.84006741,35.6
WA/BC,Skykomish,Gold Bar,BESC-883,-121.6905334,47.84020613,189.6
WA/BC,Skykomish,Gold Bar,BESC-884,-121.6911164,47.84039715,189.6
WA/BC,Skykomish,Gold Bar,BESC-885,-121.6916438,47.84074333,189.6
WA/BC,Skykomish,Monroe,BESC-260,-121.9812369,47.84101012,35.6
WA/BC,Skykomish,Gold Bar,BESC-886,-121.6920689,47.84110081,189.6
WA/BC,Skykomish,Monroe,BESC-258,-121.9826349,47.84115328,35.6
WA/BC,Skykomish,Monroe,BESC-299,-121.9733975,47.8411931,35.6
WA/BC,Skykomish,Monroe,BESC-259,-121.9819036,47.84124456,35.6
WA/BC,Skykomish,Monroe,BESC-261,-121.9808322,47.84141304,35.6
WA/BC,Skykomish,Gold Bar,BESC-887,-121.6923709,47.84152921,189.6
WA/BC,Skykomish,Monroe,BESC-262,-121.9802434,47.841723,35.6
WA/BC,Skykomish,Gold Bar,BESC-888,-121.692822,47.84190841,189.6
WA/BC,Skykomish,Monroe,BESC-263,-121.9796352,47.84208669,35.6
WA/BC,Skykomish,Gold Bar,BESC-889,-121.6928816,47.84236849,189.6
WA/BC,Skykomish,Monroe,BESC-264,-121.9791277,47.84242532,35.6
WA/BC,Skykomish,Monroe,BESC-298,-121.9763304,47.84244468,35.6
WA/BC,Skykomish,Monroe,BESC-265,-121.9786357,47.84275892,35.6
WA/BC,Skykomish,Gold Bar,BESC-890,-121.692956,47.84280075,189.6
WA/BC,Skykomish,Gold Bar,BESC-892,-121.6947601,47.84285137,189.6
WA/BC,Skykomish,Monroe,BESC-297,-121.9756965,47.84295288,35.6
WA/BC,Skykomish,Gold Bar,BESC-891,-121.6931414,47.84319587,189.6
WA/BC,Skykomish,Gold Bar,BESC-893,-121.6947911,47.84325245,189.6
WA/BC,Skykomish,Monroe,BESC-296,-121.9754419,47.84348186,35.6
WA/BC,Skykomish,Monroe,BESC-303,-121.9666974,47.84360499,35.6
WA/BC,Skykomish,Monroe,BESC-304,-121.9660611,47.8436179,35.6
WA/BC,Skykomish,Gold Bar,BESC-894,-121.6949392,47.84363693,189.6
WA/BC,Skykomish,Monroe,BESC-302,-121.9694049,47.84370482,35.6
WA/BC,Skykomish,Monroe,BESC-294,-121.9741185,47.84383784,35.6
WA/BC,Skykomish,Monroe,BESC-295,-121.9744962,47.84397413,35.6
WA/BC,Skykomish,Monroe,BESC-305,-121.9653294,47.84406843,35.6
WA/BC,Skykomish,Gold Bar,BESC-895,-121.6945676,47.84423028,189.6
WA/BC,Skykomish,Monroe,BESC-301,-121.9692657,47.84430136,35.6
WA/BC,Skykomish,Monroe,BESC-293,-121.9730155,47.84435333,35.6
WA/BC,Skykomish,Monroe,BESC-306,-121.965428,47.84456396,35.6
WA/BC,Skykomish,Gold Bar,BESC-896,-121.6944021,47.8447306,189.6
WA/BC,Skykomish,Monroe,BESC-266,-121.9749917,47.84489966,35.6
WA/BC,Skykomish,Monroe,BESC-300,-121.969185,47.84492514,35.6
WA/BC,Skykomish,Monroe,BESC-292,-121.9718552,47.84499756,35.6
WA/BC,Skykomish,Gold Bar,BESC-897,-121.6942233,47.84516394,189.6
WA/BC,Skykomish,Monroe,BESC-291,-121.970824,47.84524416,35.6
WA/BC,Skykomish,Monroe,BESC-267,-121.9745626,47.84526369,35.6
WA/BC,Skykomish,Monroe,BESC-284,-121.9690996,47.84552637,35.6
WA/BC,Skykomish,Monroe,BESC-307,-121.9633207,47.84555043,35.6
WA/BC,Skykomish,Monroe,BESC-268,-121.9737406,47.84563517,35.6
WA/BC,Skykomish,Gold Bar,BESC-898,-121.6944737,47.84568052,189.6
WA/BC,Skykomish,Monroe,BESC-285,-121.9702492,47.84568664,35.6
WA/BC,Skykomish,Monroe,BESC-308,-121.9730209,47.84592929,35.6
WA/BC,Skykomish,Monroe,BESC-286,-121.9699289,47.845951,35.6
WA/BC,Skykomish,Monroe,BESC-287,-121.969192,47.84607707,35.6
WA/BC,Skykomish,Gold Bar,BESC-899,-121.6945299,47.84609785,189.6
WA/BC,Skykomish,Monroe,BESC-309,-121.9723159,47.84617731,35.6
WA/BC,Skykomish,Monroe,BESC-288,-121.9684114,47.8463188,35.6
WA/BC,Skykomish,Monroe,BESC-289,-121.9676702,47.84642852,35.6
WA/BC,Skykomish,Monroe,BESC-290,-121.9667487,47.84657478,35.6
WA/BC,Skykomish,Gold Bar,BESC-900,-121.6947495,47.84669741,189.6
WA/BC,Skykomish,Monroe,BESC-310,-121.9706463,47.84683001,35.6
WA/BC,Skykomish,Gold Bar,BESC-901,-121.6946422,47.84785738,189.6
WA/BC,Skykomish,Gold Bar,BESC-902,-121.6950348,47.84819132,189.6
WA/BC,Skykomish,Gold Bar,BESC-903,-121.6953032,47.84867261,189.6
WA/BC,Skykomish,Gold Bar,BESC-904,-121.6953388,47.8491202,189.6
WA/BC,Skykomish,Gold Bar,BESC-905,-121.695294,47.84957668,189.6
WA/BC,Skykomish,Gold Bar,BESC-906,-121.6948669,47.84994431,189.6
WA/BC,Skykomish,Monroe,BESC-283,-121.9634432,47.85109472,35.6
WA/BC,Skykomish,Monroe,BESC-282,-121.962611,47.85130922,35.6
WA/BC,Skykomish,Monroe,BESC-281,-121.9619166,47.85146412,35.6
WA/BC,Skykomish,Monroe,BESC-874,-121.9612432,47.85164206,35.6
WA/BC,Skykomish,Monroe,BESC-875,-121.9593349,47.85253381,35.6
WA/BC,Skykomish,Monroe,BESC-876,-121.9595791,47.85326966,35.6
WA/BC,Skykomish,Monroe,BESC-880,-121.9588743,47.85334376,35.6
WA/BC,Skykomish,Monroe,BESC-881,-121.9585187,47.85370812,35.6
WA/BC,Skykomish,Monroe,BESC-879,-121.9586006,47.85421933,35.6
WA/BC,Skykomish,Monroe,BESC-877,-121.9596304,47.85438177,35.6
WA/BC,Skykomish,Monroe,BESC-878,-121.9585942,47.85462325,35.6
WA/BC,Skykomish,Mann Rd,BESC-320,-121.7321672,47.85498108,136.5
WA/BC,Skykomish,Mann Rd,BESC-321,-121.731448,47.85500145,136.5
WA/BC,Skykomish,Mann Rd,BESC-322,-121.7308614,47.85500974,136.5
WA/BC,Skykomish,Mann Rd,BESC-323,-121.7300007,47.85503715,136.5
WA/BC,Skykomish,Mann Rd,BESC-324,-121.7291086,47.85509465,136.5
WA/BC,Skykomish,Mann Rd,BESC-319,-121.7329027,47.85509851,136.5
WA/BC,Skykomish,Mann Rd,BESC-318,-121.733741,47.85517386,136.5
WA/BC,Skykomish,Mann Rd,BESC-325,-121.7283881,47.85518652,136.5
WA/BC,Skykomish,Mann Rd,BESC-317,-121.734569,47.85528685,136.5
WA/BC,Skykomish,Mann Rd,BESC-312,-121.737293,47.85562254,136.5
WA/BC,Skykomish,Mann Rd,BESC-316,-121.7342869,47.85563252,136.5
WA/BC,Skykomish,Mann Rd,BESC-327,-121.7288331,47.85567401,136.5
WA/BC,Skykomish,Mann Rd,BESC-313,-121.7364312,47.85573947,136.5
WA/BC,Skykomish,Mann Rd,BESC-314,-121.7356392,47.85574106,136.5
WA/BC,Skykomish,Mann Rd,BESC-315,-121.7346902,47.85600082,136.5
WA/BC,Skykomish,Mann Rd,BESC-328,-121.7298449,47.85605363,136.5
WA/BC,Skykomish,Mann Rd,BESC-329,-121.7306812,47.85632587,136.5
WA/BC,Skykomish,Sultan,BESC-873,-121.8107548,47.85636024,106.9
WA/BC,Skykomish,Mann Rd,BESC-311,-121.7368525,47.85636133,136.5
WA/BC,Skykomish,Sultan,BESC-280,-121.8126067,47.85637314,106.9
WA/BC,Skykomish,Mann Rd,BESC-330,-121.7313376,47.85687447,136.5
WA/BC,Skykomish,Sultan,BESC-872,-121.8099683,47.85697337,106.9
WA/BC,Skykomish,Sultan,BESC-907,-121.7904175,47.85779924,106.9
WA/BC,Skykomish,Sultan,BESC-871,-121.8092783,47.85796151,106.9
WA/BC,Skykomish,Sultan,BESC-909,-121.789127,47.85798113,106.9
WA/BC,Skykomish,Sultan,BESC-910,-121.7888267,47.85813016,106.9
WA/BC,Skykomish,Sultan,BESC-908,-121.7899223,47.85824977,106.9
WA/BC,Skykomish,Sultan,BESC-911,-121.7877738,47.85841305,106.9
WA/BC,Skykomish,Sultan,BESC-279,-121.8095593,47.85891781,106.9
WA/BC,Skykomish,Sultan,BESC-278,-121.8080148,47.85903088,106.9
WA/BC,Skykomish,Sultan,BESC-870,-121.8104372,47.85907111,106.9
WA/BC,Skykomish,Sultan,BESC-869,-121.8109786,47.85920455,106.9
WA/BC,Skykomish,Startup,BESC-859,-121.7917379,47.85925325,145.5
WA/BC,Skykomish,Startup,BESC-860,-121.792283,47.85935601,145.5
WA/BC,Skykomish,Startup,BESC-861,-121.7904928,47.85937428,145.5
WA/BC,Skykomish,Sultan,BESC-868,-121.811895,47.85941443,106.9
WA/BC,Skykomish,Sultan,BESC-867,-121.8125956,47.859484,106.9
WA/BC,Skykomish,Startup,BESC-858,-121.7911402,47.85955802,145.5
WA/BC,Skykomish,Startup,BESC-857,-121.7917552,47.86008968,145.5
WA/BC,Skykomish,Startup,BESC-269,-121.9724149,47.8604921,145.5
WA/BC,Skykomish,Startup,BESC-864,-121.7881671,47.86050936,145.5
WA/BC,Skykomish,Startup,BESC-863,-121.7888436,47.86063383,145.5
WA/BC,Skykomish,Startup,BESC-862,-121.7899287,47.86065864,145.5
WA/BC,Skykomish,Startup,BESC-865,-121.7874464,47.8607262,145.5
WA/BC,Skykomish,Startup,BESC-856,-121.7908572,47.86082972,145.5
WA/BC,Skykomish,Startup,BESC-866,-121.7864095,47.86083056,145.5
WA/BC,Skykomish,Startup,BESC-853,-121.7858167,47.86115519,145.5
WA/BC,Skykomish,Startup,BESC-852,-121.785091,47.86120892,145.5
WA/BC,Skykomish,Startup,BESC-854,-121.7866321,47.86125803,145.5
WA/BC,Skykomish,Startup,BESC-855,-121.7872288,47.86150111,145.5
WA/BC,Skykomish,Startup,BESC-270,-121.7811716,47.86176564,145.5
WA/BC,Skykomish,Startup,BESC-271,-121.7791474,47.86185902,145.5
WA/BC,Skykomish,Startup,BESC-272,-121.776559,47.86198961,145.5
WA/BC,Skykomish,Startup,BESC-273,-121.7829514,47.86231248,145.5
WA/BC,Skykomish,Startup,BESC-274,-121.7822834,47.86233611,145.5
WA/BC,Skykomish,Startup,BESC-275,-121.7808568,47.86237182,145.5
WA/BC,Skykomish,Startup,BESC-276,-121.7799671,47.86237769,145.5
WA/BC,Skykomish,Startup,BESC-277,-121.7785936,47.86251591,145.5
WA/BC,Squamish,GLCA,GLCA-26-1,-122.4608,49.8652,366
WA/BC,Squamish,SQMA,SQMA-25-1,-123.2333333,49.86666667,61
WA/BC,Squamish,SQMA,SQMA-25-2,-123.2333333,49.86666667,61
WA/BC,Squamish,SQMA,SQMA-25-4,-123.2333333,49.86666667,61
WA/BC,Squamish,SQMB,SQMB-25-1,-123.3034,49.9521,76
WA/BC,Squamish,SQMB,SQMB-25-3,-123.3034,49.9521,76
WA/BC,Squamish,SQMB,SQMB-25-4,-123.3034,49.9521,76
WA/BC,Squamish,GLCB,GLCB-26-1,-122.9938,50.0977,579
WA/BC,Squamish,GLCB,GLCB-26-2,-122.9938,50.0977,579
WA/BC,Squamish,GLCB,GLCB-26-3,-122.9938,50.0977,579
WA/BC,Squamish,GLCB,GLCB-26-4,-122.9938,50.0977,579
WA/BC,Squamish,GLCB,GLCB-26-5,-122.9938,50.0977,579
WA/BC,Squamish,SQMC,SQMC-25-1,-123.3666667,50.1,177
WA/BC,Squamish,SQMC,SQMC-25-3,-123.3666667,50.1,177
WA/BC,Squamish,SQMC,SQMC-25-4,-123.3666667,50.1,177
WA/BC,Squamish,SQMC,SQMC-25-5,-123.3666667,50.1,177
Tahoe,Tahoe,Tahoe,CA-01-01,-120.08731,38.88178,2144
Tahoe,Tahoe,Tahoe,CA-01-02,-120.08731,38.88178,2144
Tahoe,Tahoe,Tahoe,CA-01-03,-120.08731,38.88178,2144
Tahoe,Tahoe,Tahoe,CA-01-04,-120.08731,38.88178,2144
Tahoe,Tahoe,Tahoe,CA-01-05,-120.08731,38.88178,2144
Tahoe,Tahoe,Tahoe,CA-02-01,-120.16277,39.11053,2012
Tahoe,Tahoe,Tahoe,CA-02-02,-120.16277,39.11053,2012
Tahoe,Tahoe,Tahoe,CA-02-03,-120.16277,39.11053,2012
Tahoe,Tahoe,Tahoe,CA-02-04,-120.16277,39.11053,2012
Tahoe,Tahoe,Tahoe,CA-03-01,-120.21178,39.25018,1854
Tahoe,Tahoe,Tahoe,CA-05-01,-120.50216,39.31732,1904
Tahoe,Tahoe,Tahoe,CA-05-02,-120.50216,39.31732,1904
Tahoe,Tahoe,Tahoe,CA-05-03,-120.50216,39.31732,1904
Tahoe,Tahoe,Tahoe,CA-05-04,-120.50216,39.31732,1904
Tahoe,Tahoe,Tahoe,CA-05-05,-120.50216,39.31732,1904
Tahoe,Tahoe,Tahoe,CA-05-06,-120.50216,39.31732,1904
Tahoe,Tahoe,Tahoe,CA-05-07,-120.50216,39.31732,1904
Tahoe,Tahoe,Tahoe,CA-04-01,-120.39496,39.33148,2051
Tahoe,Tahoe,Tahoe,CA-04-02,-120.39496,39.33148,2051
Tahoe,Tahoe,Tahoe,CA-04-03,-120.39496,39.33148,2051
Tahoe,Tahoe,Tahoe,CA-04-04,-120.39496,39.33148,2051
Tahoe,Tahoe,Tahoe,CA-04-05,-120.39496,39.33148,2051
WA/BC,Vancouver I. East,FNYI,FNYI-28-1,-124.85,49.51666667,46
WA/BC,Vancouver I. East,FNYI,FNYI-28-2,-124.85,49.51666667,46
WA/BC,Vancouver I. East,FNYI,FNYI-28-3,-124.85,49.51666667,46
WA/BC,Vancouver I. East,FNYI,FNYI-28-4,-124.85,49.51666667,46
WA/BC,Vancouver I. East,FNYI,FNYI-28-5,-124.85,49.51666667,46
WA/BC,Vancouver I. East,CNYH,CNYH-28-2,-125.0666667,49.66666667,76
WA/BC,Vancouver I. East,CNYH,CNYH-28-3,-125.0666667,49.66666667,76
WA/BC,Vancouver I. East,CNYH,CNYH-28-4,-125.0666667,49.66666667,76
WA/BC,Vancouver I. East,CNYH,CNYH-28-5,-125.0666667,49.66666667,76
WA/BC,Vancouver I. East,BLCG,BLCG-28-1,-125.1833333,49.83333333,91
WA/BC,Vancouver I. East,BLCG,BLCG-28-3,-125.1833333,49.83333333,91
WA/BC,Vancouver I. East,CMBF,CMBF-28-1,-125.25,49.95,76
WA/BC,Vancouver I. East,CMBF,CMBF-28-2,-125.25,49.95,76
WA/BC,Vancouver I. East,CMBF,CMBF-28-3,-125.25,49.95,76
WA/BC,Vancouver I. East,CMBF,CMBF-28-4,-125.25,49.95,76
WA/BC,Vancouver I. East,CMBF,CMBF-28-5,-125.25,49.95,76
Willamette,Willamette,Corvallis,GW-10955,-123.3,44.5,NA
Willamette,Willamette,Corvallis,GW-10956,-123.3,44.5,NA
Willamette,Willamette,Corvallis,GW-10957,-123.3,44.5,NA
Willamette,Willamette,Corvallis,GW-10958,-123.3,44.5,NA
Willamette,Willamette,Corvallis,GW-11031,-123.3,44.5,NA
Willamette,Willamette,Corvallis,GW-11032,-123.3,44.5,NA
Willamette,Willamette,Corvallis,GW-11033,-123.3,44.5,NA
Willamette,Willamette,Corvallis,GW-11034,-123.3,44.5,NA
Willamette,Willamette,Corvallis,GW-11035,-123.3,44.5,NA
Willamette,Willamette,Corvallis,GW-11036,-123.3,44.5,NA
Willamette,Willamette,Turner,GW-9592,-122.8666667,44.75,91.4
Willamette,Willamette,Turner,GW-9594,-122.8666667,44.75,91.4
Willamette,Willamette,Turner,GW-9595,-122.8666667,44.75,91.4
Willamette,Willamette,Turner,GW-9596,-122.8666667,44.75,91.4
Willamette,Willamette,Monmouth,GW-9597,-123.2333333,44.8,91.4
Willamette,Willamette,Troutdale,GW-7973,-122.4,45.55,9.1
Willamette,Willamette,Troutdale,GW-7974,-122.4,45.55,9.1
Willamette,Willamette,Troutdale,GW-7975,-122.4,45.55,9.1